436383,GnpwLP2THmM03.mp4,0
437356,Z52L6jGdSkY11.mp4,0
436767,NCmlbDaj-uE17.mp4,0
436785,nkFprOkNnRE06.mp4,0
437302,YQLLNSEeGaE31.mp4,0
437113,uwd8Z5wuKuI01.mp4,0
436827,nkFprOkNnRE45.mp4,0
436503,hZm7dC8qBO017.mp4,0
437186,xKT7khciy-c07.mp4,0
436914,pA6q7Q2EQrw22.mp4,0
436750,NCmlbDaj-uE01.mp4,0
436718,mOwuW8t6-GQ06.mp4,0
436978,rQy2l6gxB8c01.mp4,0
436153,B3ehIhlZVD803.mp4,0
436497,hZm7dC8qBO011.mp4,0
436434,hSt-aJwZqsY05.mp4,0
436434,hSt-aJwZqsY05.mp4,1
437345,Z4dWfjsrYhQ11.mp4,0
436732,N6zJ2inqJn005.mp4,0
437070,UcJKeuDYOzc09.mp4,0
436531,ieFXAiS97A004.mp4,0
436001,6mVcTFd5TzI23.mp4,0
436410,HD6QGx9d8ow03.mp4,0
437289,YQLLNSEeGaE18.mp4,0
435906,_FjROQyb1C802.mp4,0
437299,YQLLNSEeGaE28.mp4,0
437157,wScVipt0pWk07.mp4,0
437199,xKT7khciy-c20.mp4,0
436539,ieFXAiS97A012.mp4,0
436961,qAlULqaVFGE03.mp4,0
437205,xKT7khciy-c26.mp4,0
436820,nkFprOkNnRE38.mp4,0
436305,CkI203kbHQ841.mp4,0
436305,CkI203kbHQ841.mp4,1
436733,N8DNC_llAt001.mp4,0
436371,EN-JKUXkwPQ08.mp4,0
436313,CnsDyfXdf8s02.mp4,0
436402,h8R-AyCY_k402.mp4,0
436107,ALFF5620ljk07.mp4,0
437140,VlmUH8TT6GQ01.mp4,0
436106,ALFF5620ljk06.mp4,0
437107,UphowD1scAU02.mp4,0
437107,UphowD1scAU02.mp4,1
437315,YzocCFJIbCc06.mp4,0
436109,ALFF5620ljk08.mp4,0
436875,nuaZZkgs8zw01.mp4,0
437042,TqwcLiIQq3A07.mp4,0
436728,N6zJ2inqJn001.mp4,0
436226,bSZkOI7eF8k08.mp4,0
436381,GnpwLP2THmM01.mp4,0
437119,V0iWmOFca7w05.mp4,0
437154,wScVipt0pWk04.mp4,0
437264,y4Evv5By6sg02.mp4,0
436518,IAhGJNVqs1M07.mp4,0
435926,1XIS9UOwC_Y05.mp4,0
435961,3Xd6PxEvbNk03.mp4,0
436760,NCmlbDaj-uE10.mp4,0
436148,axVjcB30c4801.mp4,0
436519,IAhGJNVqs1M08.mp4,0
437034,tDN-mwNSJc810.mp4,0
435968,3Xd6PxEvbNk10.mp4,0
437168,wScVipt0pWk18.mp4,0
436522,IAhGJNVqs1M11.mp4,0
436753,NCmlbDaj-uE04.mp4,0
436204,bPQ4GUk8ens02.mp4,0
436631,L334aqEJxys01.mp4,0
436099,AJKLxHzIHYY22.mp4,0
436110,ALFF5620ljk09.mp4,0
435942,3KSHg1inZS807.mp4,0
436764,NCmlbDaj-uE14.mp4,0
437355,Z52L6jGdSkY10.mp4,0
436527,IAhGJNVqs1M16.mp4,0
436752,NCmlbDaj-uE03.mp4,0
437307,YSGhwU9XxuY01.mp4,0
437047,u_XTj0FQRaA02.mp4,0
437047,u_XTj0FQRaA02.mp4,1
436409,HD6QGx9d8ow02.mp4,0
436859,nsHYg3ENgk409.mp4,0
435931,1XIS9UOwC_Y10.mp4,0
437078,UcJKeuDYOzc17.mp4,0
436432,hSt-aJwZqsY03.mp4,0
436808,nkFprOkNnRE27.mp4,0
436111,ALFF5620ljk10.mp4,0
436003,6mVcTFd5TzI25.mp4,0
436636,LuP-qXCZ-eY01.mp4,0
436883,OeanBLnjHiM01.mp4,1
436112,ALFF5620ljk11.mp4,0
436580,kv-u4ZiEGJA06.mp4,0
437084,UEXRGvWNta802.mp4,0
436894,pA6q7Q2EQrw04.mp4,0
437178,Xe9CoVqpv9c04.mp4,0
437178,Xe9CoVqpv9c04.mp4,1
436570,k932VZGqE6c02.mp4,0
436026,9DRFJxKHc6g05.mp4,0
436913,pA6q7Q2EQrw21.mp4,0
437279,YQLLNSEeGaE08.mp4,0
436677,mH0-_I0XVdE27.mp4,0
437353,Z52L6jGdSkY08.mp4,0
436828,nkFprOkNnRE46.mp4,0
436561,JKOl8iNV09o01.mp4,0
436561,JKOl8iNV09o01.mp4,1
437363,Z52L6jGdSkY17.mp4,0
437269,YkJ8Yn9tWyo02.mp4,0
436910,pA6q7Q2EQrw18.mp4,0
437020,T2PeqBcJn3E02.mp4,0
437173,wYdE4gh__Wg02.mp4,0
437323,YzocCFJIbCc14.mp4,0
437370,zVzXEht1aME01.mp4,0
437142,Vn8iNKHoUVE01.mp4,0
436889,p8eC0tzGJYQ01.mp4,0
436693,mH0-_I0XVdE43.mp4,0
436824,nkFprOkNnRE42.mp4,0
436507,hZm7dC8qBO021.mp4,0
435984,6mVcTFd5TzI07.mp4,0
436975,R5dVWjx3NEo01.mp4,0
436717,mOwuW8t6-GQ05.mp4,0
437240,Xu1KsH1j2iQ02.mp4,0
436924,pA6q7Q2EQrw32.mp4,1
436479,hw1C_QvwSrw16.mp4,0
435998,6mVcTFd5TzI20.mp4,0
436571,k932VZGqE6c03.mp4,0
436571,k932VZGqE6c03.mp4,1
436081,AJKLxHzIHYY05.mp4,0
436970,R1FAbv7IG1Q01.mp4,0
437114,uwd8Z5wuKuI02.mp4,0
436406,h50TQ3i9k5I03.mp4,0
436546,ilqwsI6eg8k01.mp4,0
436375,EqzYBBym7ro01.mp4,0
436087,AJKLxHzIHYY10.mp4,0
436586,kv-u4ZiEGJA12.mp4,0
436330,DVutb2SBnKo01.mp4,0
436813,nkFprOkNnRE32.mp4,0
436648,mg6PLF8sHWw02.mp4,0
436253,bSZkOI7eF8k35.mp4,0
436893,pA6q7Q2EQrw03.mp4,0
436467,hw1C_QvwSrw05.mp4,0
437298,YQLLNSEeGaE27.mp4,0
436720,mOwuW8t6-GQ08.mp4,0
435993,6mVcTFd5TzI15.mp4,0
436411,HD6QGx9d8ow04.mp4,0
436834,nkFprOkNnRE52.mp4,0
436793,nkFprOkNnRE14.mp4,0
436143,AuQz_-J2kzc26.mp4,0
436778,NgN5FWA3yGs01.mp4,0
436922,pA6q7Q2EQrw30.mp4,0
436690,mH0-_I0XVdE40.mp4,0
435964,3Xd6PxEvbNk06.mp4,0
436387,GnpwLP2THmM07.mp4,0
437120,V0iWmOFca7w06.mp4,0
436700,mhQIf0yVU3g02.mp4,0
436462,HueSPfF0dSQ25.mp4,0
436712,ML52jXyFltw10.mp4,0
436930,PF5pVn8N9wA01.mp4,0
436004,6mVcTFd5TzI26.mp4,0
435995,6mVcTFd5TzI17.mp4,0
436981,rQy2l6gxB8c04.mp4,0
436487,hZm7dC8qBO001.mp4,0
436219,bSZkOI7eF8k02.mp4,0
436474,hw1C_QvwSrw12.mp4,0
436898,pA6q7Q2EQrw08.mp4,0
437321,YzocCFJIbCc12.mp4,0
437079,UcJKeuDYOzc18.mp4,0
436023,9DRFJxKHc6g02.mp4,0
437344,Z4dWfjsrYhQ10.mp4,0
436915,pA6q7Q2EQrw23.mp4,0
436559,j08d0Zf4cyY01.mp4,1
436002,6mVcTFd5TzI24.mp4,0
437268,YkJ8Yn9tWyo01.mp4,0
435910,0NixrF6Mt0001.mp4,0
435922,1XIS9UOwC_Y01.mp4,0
436486,hw1C_QvwSrw23.mp4,0
436024,9DRFJxKHc6g03.mp4,0
436622,kwY2iWBYYT030.mp4,0
436329,DrTDtkeGv8Q01.mp4,0
436260,bwW_wL4TwZg05.mp4,0
435997,6mVcTFd5TzI19.mp4,0
437354,Z52L6jGdSkY09.mp4,0
436512,IAhGJNVqs1M01.mp4,0
436220,bSZkOI7eF8k03.mp4,0
436730,N6zJ2inqJn003.mp4,0
436327,dmwcqNAuZcM01.mp4,0
437309,YTOvt3Ac1z401.mp4,0
436702,mhQIf0yVU3g04.mp4,0
437343,Z4dWfjsrYhQ09.mp4,0
436909,pA6q7Q2EQrw17.mp4,0
436755,NCmlbDaj-uE06.mp4,0
436729,N6zJ2inqJn002.mp4,0
436439,HueSPfF0dSQ04.mp4,0
436843,NlCaZzi9Las03.mp4,0
436490,hZm7dC8qBO004.mp4,0
436368,EN-JKUXkwPQ05.mp4,0
436061,Ac4k5qc-fr001.mp4,0
437169,wScVipt0pWk19.mp4,0
436548,ilqwsI6eg8k03.mp4,0
437371,zXiwhl26DqI01.mp4,2
436103,ALFF5620ljk04.mp4,0
436385,GnpwLP2THmM05.mp4,0
436093,AJKLxHzIHYY16.mp4,0
435966,3Xd6PxEvbNk08.mp4,0
437187,xKT7khciy-c08.mp4,0
435928,1XIS9UOwC_Y07.mp4,0
436131,AuQz_-J2kzc15.mp4,0
436009,6mVcTFd5TzI31.mp4,0
436569,k932VZGqE6c01.mp4,0
436529,ieFXAiS97A002.mp4,0
437357,Z52L6jGdSkY12.mp4,0
436493,hZm7dC8qBO007.mp4,0
437137,V17rwsM9ELw13.mp4,0
437177,Xe9CoVqpv9c03.mp4,0
436270,CkI203kbHQ806.mp4,0
436540,ieFXAiS97A013.mp4,0
436540,ieFXAiS97A013.mp4,1
437184,xKT7khciy-c05.mp4,0
435935,3ItkjSXfP6k01.mp4,0
436091,AJKLxHzIHYY14.mp4,0
436404,h50TQ3i9k5I01.mp4,0
437065,UcJKeuDYOzc04.mp4,0
437027,tDN-mwNSJc803.mp4,0
435936,3KSHg1inZS801.mp4,0
436850,nsHYg3ENgk401.mp4,0
436891,pA6q7Q2EQrw01.mp4,0
437166,wScVipt0pWk16.mp4,0
436918,pA6q7Q2EQrw26.mp4,0
436967,QVbVSDQGe_M03.mp4,0
435932,1XIS9UOwC_Y11.mp4,0
436393,GnpwLP2THmM13.mp4,0
437176,Xe9CoVqpv9c02.mp4,0
436396,H7Xce-lDe6g01.mp4,0
437201,xKT7khciy-c22.mp4,0
437368,ztPQViol2bc03.mp4,0
437368,ztPQViol2bc03.mp4,1
436509,hZm7dC8qBO023.mp4,0
436719,mOwuW8t6-GQ07.mp4,0
436647,mg6PLF8sHWw01.mp4,0
436547,ilqwsI6eg8k02.mp4,0
436547,ilqwsI6eg8k02.mp4,1
437167,wScVipt0pWk17.mp4,0
437348,Z52L6jGdSkY03.mp4,1
437179,XHC27viPYtA01.mp4,0
437179,XHC27viPYtA01.mp4,1
437179,XHC27viPYtA01.mp4,2
437179,XHC27viPYtA01.mp4,4
435959,3Xd6PxEvbNk01.mp4,0
436667,mH0-_I0XVdE17.mp4,0
437364,ZCQcKnFSJvg01.mp4,0
437300,YQLLNSEeGaE29.mp4,0
437284,YQLLNSEeGaE13.mp4,0
437200,xKT7khciy-c21.mp4,0
436499,hZm7dC8qBO013.mp4,0
436768,NCmlbDaj-uE18.mp4,0
436321,D2AHpCitweI05.mp4,0
436382,GnpwLP2THmM02.mp4,0
436830,nkFprOkNnRE48.mp4,0
435971,4gFiGGeTp5w01.mp4,0
437081,UcJKeuDYOzc20.mp4,0
437039,TqwcLiIQq3A04.mp4,0
435973,4gFiGGeTp5w03.mp4,0
436390,GnpwLP2THmM10.mp4,0
436210,BSNh9UoKY5401.mp4,0
436015,7YEUfIVVk9Y03.mp4,0
436392,GnpwLP2THmM12.mp4,0
436496,hZm7dC8qBO010.mp4,0
436152,B3ehIhlZVD802.mp4,0
437180,xKT7khciy-c01.mp4,0
436255,bSZkOI7eF8k37.mp4,0
437349,Z52L6jGdSkY04.mp4,0
436853,nsHYg3ENgk403.mp4,0
436775,nFpT2-RpAS802.mp4,0
436714,mOwuW8t6-GQ02.mp4,0
435930,1XIS9UOwC_Y09.mp4,0
437192,xKT7khciy-c13.mp4,0
437164,wScVipt0pWk14.mp4,0
436706,ML52jXyFltw04.mp4,0
436027,9DRFJxKHc6g06.mp4,0
436590,Kw0HCsAp83U01.mp4,0
436983,rrh12FY5FjI02.mp4,0
436132,AuQz_-J2kzc16.mp4,0
435956,3PlZn2L6lJA01.mp4,0
435996,6mVcTFd5TzI18.mp4,0
436389,GnpwLP2THmM09.mp4,0
436920,pA6q7Q2EQrw28.mp4,0
436867,nSK7cehJiCE07.mp4,0
437030,tDN-mwNSJc806.mp4,0
436521,IAhGJNVqs1M10.mp4,0
437359,Z52L6jGdSkY14.mp4,0
437359,Z52L6jGdSkY14.mp4,1
436765,NCmlbDaj-uE15.mp4,0
436019,7YEUfIVVk9Y07.mp4,0
436754,NCmlbDaj-uE05.mp4,0
437195,xKT7khciy-c16.mp4,0
436386,GnpwLP2THmM06.mp4,0
436495,hZm7dC8qBO009.mp4,0
437021,T2PeqBcJn3E03.mp4,0
436763,NCmlbDaj-uE13.mp4,0
436013,7YEUfIVVk9Y01.mp4,0
435924,1XIS9UOwC_Y03.mp4,0
436940,PF5pVn8N9wA11.mp4,0
437019,T2PeqBcJn3E01.mp4,0
436294,CkI203kbHQ830.mp4,0
435988,6mVcTFd5TzI11.mp4,1
436851,nsHYg3ENgk402.mp4,0
436722,MxiC2UdOzE801.mp4,0
436312,CnsDyfXdf8s01.mp4,0
436941,PF5pVn8N9wA12.mp4,0
436149,aY2Q0gfCr-001.mp4,0
436759,NCmlbDaj-uE09.mp4,0
437204,xKT7khciy-c25.mp4,0
436854,nsHYg3ENgk404.mp4,0
436155,b46xvHwxpcY01.mp4,0
436498,hZm7dC8qBO012.mp4,0
436145,AuQz_-J2kzc28.mp4,0
437346,Z52L6jGdSkY01.mp4,0
436370,EN-JKUXkwPQ07.mp4,0
436524,IAhGJNVqs1M13.mp4,0
435967,3Xd6PxEvbNk09.mp4,0
436698,mH0-_I0XVdE48.mp4,0
436018,7YEUfIVVk9Y06.mp4,0
436855,nsHYg3ENgk405.mp4,0
437161,wScVipt0pWk11.mp4,0
436847,NoE6K0vNiB002.mp4,0
436116,AuQz_-J2kzc01.mp4,0
436514,IAhGJNVqs1M03.mp4,0
436501,hZm7dC8qBO015.mp4,0
436982,rrh12FY5FjI01.mp4,0
436218,bSZkOI7eF8k01.mp4,0
435969,3Xd6PxEvbNk11.mp4,0
436757,NCmlbDaj-uE08.mp4,0
437181,xKT7khciy-c02.mp4,0
437181,xKT7khciy-c02.mp4,1
437029,tDN-mwNSJc805.mp4,0
436277,CkI203kbHQ813.mp4,0
436102,ALFF5620ljk03.mp4,0
437216,xnuith2Kr0k10.mp4,0
436858,nsHYg3ENgk408.mp4,0
435939,3KSHg1inZS804.mp4,0
436731,N6zJ2inqJn004.mp4,0
437267,y4Evv5By6sg05.mp4,0
436433,hSt-aJwZqsY04.mp4,0
436533,ieFXAiS97A006.mp4,0
436297,CkI203kbHQ833.mp4,0
437360,Z52L6jGdSkY15.mp4,0
437068,UcJKeuDYOzc07.mp4,0
437068,UcJKeuDYOzc07.mp4,1
437124,V0iWmOFca7w10.mp4,0
436447,HueSPfF0dSQ12.mp4,0
436388,GnpwLP2THmM08.mp4,0
435949,3KSHg1inZS814.mp4,0
436856,nsHYg3ENgk406.mp4,0
