UEXRGvWNta801.mp4,130,0
UEXRGvWNta801.mp4,150,1
L334aqEJxys01.mp4,125,0
L334aqEJxys01.mp4,145,1
wScVipt0pWk18.mp4,49,0
wScVipt0pWk18.mp4,69,1
wYdE4gh__Wg01.mp4,141,0
wYdE4gh__Wg01.mp4,161,1
hw1C_QvwSrw19.mp4,47,0
hw1C_QvwSrw19.mp4,67,1
9DRFJxKHc6g06.mp4,286,0
9DRFJxKHc6g06.mp4,306,1
hSt-aJwZqsY04.mp4,108,0
hSt-aJwZqsY04.mp4,128,1
hw1C_QvwSrw09.mp4,116,0
hw1C_QvwSrw09.mp4,136,1
mH0-_I0XVdE03.mp4,40,0
mH0-_I0XVdE03.mp4,60,1
pA6q7Q2EQrw04.mp4,81,0
pA6q7Q2EQrw04.mp4,101,1
Z52L6jGdSkY10.mp4,35,0
Z52L6jGdSkY10.mp4,55,1
nSK7cehJiCE14.mp4,21,0
nSK7cehJiCE14.mp4,41,1
BHcNwu_1Hrs03.mp4,82,0
BHcNwu_1Hrs03.mp4,102,1
wScVipt0pWk11.mp4,38,0
wScVipt0pWk11.mp4,58,1
bSZkOI7eF8k17.mp4,15,0
bSZkOI7eF8k17.mp4,35,1
ilqwsI6eg8k01.mp4,103,0
ilqwsI6eg8k01.mp4,123,1
H7Xce-lDe6g03.mp4,17,0
H7Xce-lDe6g03.mp4,37,1
y4Evv5By6sg05.mp4,77,0
y4Evv5By6sg05.mp4,97,1
bPQ4GUk8ens03.mp4,118,0
bPQ4GUk8ens03.mp4,138,1
wScVipt0pWk08.mp4,28,0
wScVipt0pWk08.mp4,48,1
L4d9ZSVH3fY03.mp4,59,0
L4d9ZSVH3fY03.mp4,79,1
j08d0Zf4cyY01.mp4,216,0
j08d0Zf4cyY01.mp4,236,1
hZm7dC8qBO014.mp4,15,0
hZm7dC8qBO014.mp4,35,1
PF5pVn8N9wA14.mp4,10,0
PF5pVn8N9wA14.mp4,30,1
0NixrF6Mt0001.mp4,134,0
0NixrF6Mt0001.mp4,154,1
VlmUH8TT6GQ02.mp4,91,0
VlmUH8TT6GQ02.mp4,111,1
y4Evv5By6sg04.mp4,83,0
y4Evv5By6sg04.mp4,103,1
hw1C_QvwSrw15.mp4,52,0
hw1C_QvwSrw15.mp4,72,1
mH0-_I0XVdE15.mp4,54,0
mH0-_I0XVdE15.mp4,74,1
mOwuW8t6-GQ01.mp4,113,0
mOwuW8t6-GQ01.mp4,133,1
3PlZn2L6lJA01.mp4,156,0
3PlZn2L6lJA01.mp4,176,1
nsHYg3ENgk403.mp4,172,0
nsHYg3ENgk403.mp4,192,1
kv-u4ZiEGJA09.mp4,12,0
kv-u4ZiEGJA09.mp4,32,1
Xe9CoVqpv9c04.mp4,82,0
Xe9CoVqpv9c04.mp4,102,1
pA6q7Q2EQrw33.mp4,36,0
pA6q7Q2EQrw33.mp4,56,1
wScVipt0pWk16.mp4,53,0
wScVipt0pWk16.mp4,73,1
nSK7cehJiCE01.mp4,43,0
nSK7cehJiCE01.mp4,63,1
7YEUfIVVk9Y07.mp4,2,0
7YEUfIVVk9Y07.mp4,22,1
u_XTj0FQRaA01.mp4,117,0
u_XTj0FQRaA01.mp4,137,1
vnBXvRYxgB004.mp4,128,0
vnBXvRYxgB004.mp4,148,1
rQy2l6gxB8c04.mp4,170,0
rQy2l6gxB8c04.mp4,190,1
Z52L6jGdSkY07.mp4,21,0
Z52L6jGdSkY07.mp4,41,1
nSK7cehJiCE04.mp4,8,0
nSK7cehJiCE04.mp4,28,1
bPQ4GUk8ens01.mp4,149,0
bPQ4GUk8ens01.mp4,169,1
Xe9CoVqpv9c01.mp4,185,0
Xe9CoVqpv9c01.mp4,205,1
hw1C_QvwSrw04.mp4,61,0
hw1C_QvwSrw04.mp4,81,1
nSK7cehJiCE09.mp4,31,0
nSK7cehJiCE09.mp4,51,1
rQy2l6gxB8c03.mp4,207,0
rQy2l6gxB8c03.mp4,227,1
hSt-aJwZqsY05.mp4,34,0
hSt-aJwZqsY05.mp4,54,1
mH0-_I0XVdE13.mp4,179,0
mH0-_I0XVdE13.mp4,199,1
D2AHpCitweI05.mp4,33,0
D2AHpCitweI05.mp4,53,1
HiyaCRC3CTU06.mp4,11,0
HiyaCRC3CTU06.mp4,31,1
pA6q7Q2EQrw17.mp4,0,0
pA6q7Q2EQrw17.mp4,14,1
pA6q7Q2EQrw08.mp4,147,0
pA6q7Q2EQrw08.mp4,167,1
bQp_2lMB4Mk01.mp4,3,0
bQp_2lMB4Mk01.mp4,23,1
h8R-AyCY_k403.mp4,337,0
h8R-AyCY_k403.mp4,357,1
mOwuW8t6-GQ06.mp4,106,0
mOwuW8t6-GQ06.mp4,126,1
mH0-_I0XVdE46.mp4,52,0
mH0-_I0XVdE46.mp4,72,1
hZm7dC8qBO007.mp4,445,0
hZm7dC8qBO007.mp4,465,1
wYdE4gh__Wg03.mp4,20,0
wYdE4gh__Wg03.mp4,40,1
hSt-aJwZqsY02.mp4,68,0
hSt-aJwZqsY02.mp4,88,1
wYdE4gh__Wg02.mp4,8,0
wYdE4gh__Wg02.mp4,28,1
mhQIf0yVU3g02.mp4,65,0
mhQIf0yVU3g02.mp4,85,1
9fKAb-gGLRM01.mp4,216,0
9fKAb-gGLRM01.mp4,236,1
bSZkOI7eF8k37.mp4,6,0
bSZkOI7eF8k37.mp4,26,1
pA6q7Q2EQrw36.mp4,44,0
pA6q7Q2EQrw36.mp4,64,1
bSZkOI7eF8k21.mp4,94,0
bSZkOI7eF8k21.mp4,114,1
bSZkOI7eF8k29.mp4,127,0
bSZkOI7eF8k29.mp4,147,1
pA6q7Q2EQrw37.mp4,174,0
pA6q7Q2EQrw37.mp4,194,1
mH0-_I0XVdE20.mp4,57,0
mH0-_I0XVdE20.mp4,77,1
hw1C_QvwSrw20.mp4,77,0
hw1C_QvwSrw20.mp4,97,1
bSZkOI7eF8k20.mp4,258,0
bSZkOI7eF8k20.mp4,278,1
HueSPfF0dSQ15.mp4,47,0
HueSPfF0dSQ15.mp4,67,1
hZm7dC8qBO005.mp4,21,0
hZm7dC8qBO005.mp4,41,1
mH0-_I0XVdE42.mp4,17,0
mH0-_I0XVdE42.mp4,37,1
HueSPfF0dSQ09.mp4,104,0
HueSPfF0dSQ09.mp4,124,1
hZm7dC8qBO021.mp4,75,0
hZm7dC8qBO021.mp4,95,1
GnpwLP2THmM02.mp4,74,0
GnpwLP2THmM02.mp4,94,1
mhQIf0yVU3g04.mp4,79,0
mhQIf0yVU3g04.mp4,99,1
mH0-_I0XVdE43.mp4,33,0
mH0-_I0XVdE43.mp4,53,1
PF5pVn8N9wA24.mp4,13,0
PF5pVn8N9wA24.mp4,33,1
hw1C_QvwSrw01.mp4,25,0
hw1C_QvwSrw01.mp4,45,1
pA6q7Q2EQrw15.mp4,97,0
pA6q7Q2EQrw15.mp4,117,1
mH0-_I0XVdE09.mp4,159,0
mH0-_I0XVdE09.mp4,179,1
hw1C_QvwSrw12.mp4,24,0
hw1C_QvwSrw12.mp4,44,1
PF5pVn8N9wA08.mp4,3,0
PF5pVn8N9wA08.mp4,23,1
Xe9CoVqpv9c03.mp4,167,0
Xe9CoVqpv9c03.mp4,187,1
2aCk4KHP-K001.mp4,40,0
2aCk4KHP-K001.mp4,60,1
T1WbCBVGCHg06.mp4,27,0
T1WbCBVGCHg06.mp4,47,1
DVutb2SBnKo01.mp4,84,0
DVutb2SBnKo01.mp4,104,1
BpMHNEa79lo05.mp4,139,0
BpMHNEa79lo05.mp4,159,1
PF5pVn8N9wA17.mp4,6,0
PF5pVn8N9wA17.mp4,26,1
nsHYg3ENgk401.mp4,79,0
nsHYg3ENgk401.mp4,99,1
bH0vBs-Sl2o03.mp4,35,0
bH0vBs-Sl2o03.mp4,55,1
bSZkOI7eF8k22.mp4,94,0
bSZkOI7eF8k22.mp4,114,1
PF5pVn8N9wA19.mp4,56,0
PF5pVn8N9wA19.mp4,76,1
bSZkOI7eF8k02.mp4,94,0
bSZkOI7eF8k02.mp4,114,1
bSZkOI7eF8k34.mp4,149,0
bSZkOI7eF8k34.mp4,169,1
pA6q7Q2EQrw26.mp4,22,0
pA6q7Q2EQrw26.mp4,42,1
mH0-_I0XVdE16.mp4,93,0
mH0-_I0XVdE16.mp4,113,1
mhQIf0yVU3g01.mp4,440,0
mhQIf0yVU3g01.mp4,460,1
mH0-_I0XVdE28.mp4,24,0
mH0-_I0XVdE28.mp4,44,1
wScVipt0pWk06.mp4,57,0
wScVipt0pWk06.mp4,77,1
UphowD1scAU01.mp4,150,0
UphowD1scAU01.mp4,170,1
BpMHNEa79lo03.mp4,233,0
BpMHNEa79lo03.mp4,253,1
H7Xce-lDe6g02.mp4,53,0
H7Xce-lDe6g02.mp4,73,1
nSK7cehJiCE03.mp4,1,0
nSK7cehJiCE03.mp4,21,1
zXiwhl26DqI01.mp4,223,0
zXiwhl26DqI01.mp4,243,1
HueSPfF0dSQ01.mp4,26,0
HueSPfF0dSQ01.mp4,46,1
h8R-AyCY_k401.mp4,70,0
h8R-AyCY_k401.mp4,90,1
Z52L6jGdSkY17.mp4,43,0
Z52L6jGdSkY17.mp4,63,1
BpMHNEa79lo02.mp4,63,0
BpMHNEa79lo02.mp4,83,1
bSZkOI7eF8k14.mp4,72,0
bSZkOI7eF8k14.mp4,92,1
T1WbCBVGCHg08.mp4,92,0
T1WbCBVGCHg08.mp4,112,1
HueSPfF0dSQ19.mp4,40,0
HueSPfF0dSQ19.mp4,60,1
D1eP4Bn4hDQ01.mp4,107,0
D1eP4Bn4hDQ01.mp4,127,1
mH0-_I0XVdE38.mp4,9,0
mH0-_I0XVdE38.mp4,29,1
bSZkOI7eF8k19.mp4,75,0
bSZkOI7eF8k19.mp4,95,1
wScVipt0pWk10.mp4,88,0
wScVipt0pWk10.mp4,108,1
hw1C_QvwSrw14.mp4,0,0
hw1C_QvwSrw14.mp4,17,1
kv-u4ZiEGJA03.mp4,3,0
kv-u4ZiEGJA03.mp4,23,1
mOwuW8t6-GQ05.mp4,627,0
mOwuW8t6-GQ05.mp4,647,1
YkJ8Yn9tWyo03.mp4,103,0
YkJ8Yn9tWyo03.mp4,123,1
pA6q7Q2EQrw01.mp4,8,0
pA6q7Q2EQrw01.mp4,28,1
Z52L6jGdSkY03.mp4,49,0
Z52L6jGdSkY03.mp4,69,1
YkJ8Yn9tWyo01.mp4,120,0
YkJ8Yn9tWyo01.mp4,140,1
7YEUfIVVk9Y02.mp4,22,0
7YEUfIVVk9Y02.mp4,42,1
mH0-_I0XVdE21.mp4,82,0
mH0-_I0XVdE21.mp4,102,1
T1WbCBVGCHg01.mp4,150,0
T1WbCBVGCHg01.mp4,170,1
vnBXvRYxgB001.mp4,237,0
vnBXvRYxgB001.mp4,257,1
hZm7dC8qBO006.mp4,30,0
hZm7dC8qBO006.mp4,50,1
bXaAw1730zE01.mp4,34,0
bXaAw1730zE01.mp4,54,1
bSZkOI7eF8k13.mp4,147,0
bSZkOI7eF8k13.mp4,167,1
hw1C_QvwSrw02.mp4,106,0
hw1C_QvwSrw02.mp4,126,1
bSZkOI7eF8k01.mp4,421,0
bSZkOI7eF8k01.mp4,441,1
D2AHpCitweI01.mp4,39,0
D2AHpCitweI01.mp4,59,1
hZm7dC8qBO009.mp4,57,0
hZm7dC8qBO009.mp4,77,1
hZm7dC8qBO023.mp4,19,0
hZm7dC8qBO023.mp4,39,1
HueSPfF0dSQ12.mp4,25,0
HueSPfF0dSQ12.mp4,45,1
HueSPfF0dSQ03.mp4,62,0
HueSPfF0dSQ03.mp4,82,1
hw1C_QvwSrw23.mp4,44,0
hw1C_QvwSrw23.mp4,64,1
h50TQ3i9k5I02.mp4,194,0
h50TQ3i9k5I02.mp4,214,1
wScVipt0pWk02.mp4,6,0
wScVipt0pWk02.mp4,26,1
kv-u4ZiEGJA15.mp4,171,0
kv-u4ZiEGJA15.mp4,191,1
hZm7dC8qBO016.mp4,42,0
hZm7dC8qBO016.mp4,62,1
uwd8Z5wuKuI01.mp4,73,0
uwd8Z5wuKuI01.mp4,93,1
pA6q7Q2EQrw07.mp4,12,0
pA6q7Q2EQrw07.mp4,32,1
tDN-mwNSJc806.mp4,31,0
tDN-mwNSJc806.mp4,51,1
wScVipt0pWk12.mp4,28,0
wScVipt0pWk12.mp4,48,1
R1FAbv7IG1Q01.mp4,105,0
R1FAbv7IG1Q01.mp4,125,1
mH0-_I0XVdE07.mp4,66,0
mH0-_I0XVdE07.mp4,86,1
V0iWmOFca7w03.mp4,112,0
V0iWmOFca7w03.mp4,132,1
5pGjkv5lZXE02.mp4,180,0
5pGjkv5lZXE02.mp4,200,1
mH0-_I0XVdE25.mp4,34,0
mH0-_I0XVdE25.mp4,54,1
pA6q7Q2EQrw22.mp4,26,0
pA6q7Q2EQrw22.mp4,46,1
GnpwLP2THmM12.mp4,53,0
GnpwLP2THmM12.mp4,73,1
Xe9CoVqpv9c02.mp4,216,0
Xe9CoVqpv9c02.mp4,236,1
mH0-_I0XVdE04.mp4,118,0
mH0-_I0XVdE04.mp4,138,1
T1WbCBVGCHg03.mp4,128,0
T1WbCBVGCHg03.mp4,148,1
mH0-_I0XVdE23.mp4,65,0
mH0-_I0XVdE23.mp4,85,1
pA6q7Q2EQrw16.mp4,44,0
pA6q7Q2EQrw16.mp4,64,1
mH0-_I0XVdE24.mp4,102,0
mH0-_I0XVdE24.mp4,122,1
hw1C_QvwSrw18.mp4,60,0
hw1C_QvwSrw18.mp4,80,1
HueSPfF0dSQ07.mp4,55,0
HueSPfF0dSQ07.mp4,75,1
Z52L6jGdSkY11.mp4,70,0
Z52L6jGdSkY11.mp4,90,1
JKOl8iNV09o01.mp4,107,0
JKOl8iNV09o01.mp4,127,1
dcy-Srwe01Q02.mp4,186,0
dcy-Srwe01Q02.mp4,206,1
GnpwLP2THmM09.mp4,12,0
GnpwLP2THmM09.mp4,32,1
hZm7dC8qBO012.mp4,8,0
hZm7dC8qBO012.mp4,28,1
bPQ4GUk8ens02.mp4,226,0
bPQ4GUk8ens02.mp4,246,1
hZm7dC8qBO013.mp4,8,0
hZm7dC8qBO013.mp4,28,1
R5dVWjx3NEo03.mp4,29,0
R5dVWjx3NEo03.mp4,49,1
ilqwsI6eg8k02.mp4,187,0
ilqwsI6eg8k02.mp4,207,1
hZm7dC8qBO020.mp4,84,0
hZm7dC8qBO020.mp4,104,1
mOwuW8t6-GQ09.mp4,77,0
mOwuW8t6-GQ09.mp4,97,1
hZm7dC8qBO010.mp4,0,0
hZm7dC8qBO010.mp4,11,1
h50TQ3i9k5I03.mp4,166,0
h50TQ3i9k5I03.mp4,186,1
hw1C_QvwSrw16.mp4,38,0
hw1C_QvwSrw16.mp4,58,1
tDN-mwNSJc810.mp4,101,0
tDN-mwNSJc810.mp4,121,1
y4Evv5By6sg03.mp4,91,0
y4Evv5By6sg03.mp4,111,1
nSK7cehJiCE08.mp4,26,0
nSK7cehJiCE08.mp4,46,1
nsHYg3ENgk407.mp4,189,0
nsHYg3ENgk407.mp4,209,1
pA6q7Q2EQrw03.mp4,25,0
pA6q7Q2EQrw03.mp4,45,1
mH0-_I0XVdE48.mp4,31,0
mH0-_I0XVdE48.mp4,51,1
mH0-_I0XVdE17.mp4,60,0
mH0-_I0XVdE17.mp4,80,1
wScVipt0pWk17.mp4,48,0
wScVipt0pWk17.mp4,68,1
kv-u4ZiEGJA05.mp4,9,0
kv-u4ZiEGJA05.mp4,29,1
Z52L6jGdSkY08.mp4,42,0
Z52L6jGdSkY08.mp4,62,1
BSNh9UoKY5406.mp4,82,0
BSNh9UoKY5406.mp4,102,1
nSK7cehJiCE11.mp4,38,0
nSK7cehJiCE11.mp4,58,1
kv-u4ZiEGJA07.mp4,31,0
kv-u4ZiEGJA07.mp4,51,1
oopO9qXFlws01.mp4,30,0
oopO9qXFlws01.mp4,50,1
tDN-mwNSJc808.mp4,21,0
tDN-mwNSJc808.mp4,41,1
mg6PLF8sHWw02.mp4,193,0
mg6PLF8sHWw02.mp4,213,1
B3ehIhlZVD803.mp4,180,0
B3ehIhlZVD803.mp4,200,1
mH0-_I0XVdE47.mp4,0,0
mH0-_I0XVdE47.mp4,16,1
T1WbCBVGCHg02.mp4,97,0
T1WbCBVGCHg02.mp4,117,1
T1WbCBVGCHg12.mp4,138,0
T1WbCBVGCHg12.mp4,158,1
mH0-_I0XVdE27.mp4,19,0
mH0-_I0XVdE27.mp4,39,1
nSK7cehJiCE10.mp4,31,0
nSK7cehJiCE10.mp4,51,1
mH0-_I0XVdE45.mp4,10,0
mH0-_I0XVdE45.mp4,30,1
vnBXvRYxgB003.mp4,25,0
vnBXvRYxgB003.mp4,45,1
mOwuW8t6-GQ07.mp4,202,0
mOwuW8t6-GQ07.mp4,222,1
kv-u4ZiEGJA06.mp4,0,0
kv-u4ZiEGJA06.mp4,19,1
PF5pVn8N9wA09.mp4,30,0
PF5pVn8N9wA09.mp4,50,1
BpMHNEa79lo01.mp4,139,0
BpMHNEa79lo01.mp4,159,1
PF5pVn8N9wA25.mp4,35,0
PF5pVn8N9wA25.mp4,55,1
mH0-_I0XVdE22.mp4,35,0
mH0-_I0XVdE22.mp4,55,1
y3X8ABSlGvc01.mp4,32,0
y3X8ABSlGvc01.mp4,52,1
UaUMRx99-Uk01.mp4,20,0
UaUMRx99-Uk01.mp4,40,1
wScVipt0pWk15.mp4,117,0
wScVipt0pWk15.mp4,137,1
wScVipt0pWk03.mp4,104,0
wScVipt0pWk03.mp4,124,1
rQy2l6gxB8c02.mp4,66,0
rQy2l6gxB8c02.mp4,86,1
PF5pVn8N9wA03.mp4,0,0
PF5pVn8N9wA03.mp4,18,1
HueSPfF0dSQ14.mp4,8,0
HueSPfF0dSQ14.mp4,28,1
HSDqCUHuz8Q06.mp4,147,0
HSDqCUHuz8Q06.mp4,167,1
GnpwLP2THmM01.mp4,40,0
GnpwLP2THmM01.mp4,60,1
hZm7dC8qBO011.mp4,29,0
hZm7dC8qBO011.mp4,49,1
mOwuW8t6-GQ02.mp4,62,0
mOwuW8t6-GQ02.mp4,82,1
Z52L6jGdSkY12.mp4,18,0
Z52L6jGdSkY12.mp4,38,1
HueSPfF0dSQ04.mp4,115,0
HueSPfF0dSQ04.mp4,135,1
GnpwLP2THmM13.mp4,79,0
GnpwLP2THmM13.mp4,99,1
pA6q7Q2EQrw28.mp4,5,0
pA6q7Q2EQrw28.mp4,25,1
7pftzwaA0iM01.mp4,205,0
7pftzwaA0iM01.mp4,225,1
pA6q7Q2EQrw31.mp4,181,0
pA6q7Q2EQrw31.mp4,201,1
HueSPfF0dSQ13.mp4,25,0
HueSPfF0dSQ13.mp4,45,1
9DRFJxKHc6g04.mp4,60,0
9DRFJxKHc6g04.mp4,80,1
BpMHNEa79lo04.mp4,166,0
BpMHNEa79lo04.mp4,186,1
gAUl9fitiNI02.mp4,25,0
gAUl9fitiNI02.mp4,45,1
y4Evv5By6sg02.mp4,123,0
y4Evv5By6sg02.mp4,143,1
L4d9ZSVH3fY02.mp4,69,0
L4d9ZSVH3fY02.mp4,89,1
HueSPfF0dSQ08.mp4,110,0
HueSPfF0dSQ08.mp4,130,1
wScVipt0pWk19.mp4,27,0
wScVipt0pWk19.mp4,47,1
GnpwLP2THmM11.mp4,20,0
GnpwLP2THmM11.mp4,40,1
bH0vBs-Sl2o01.mp4,2,0
bH0vBs-Sl2o01.mp4,22,1
hSt-aJwZqsY03.mp4,68,0
hSt-aJwZqsY03.mp4,88,1
nsHYg3ENgk405.mp4,157,0
nsHYg3ENgk405.mp4,177,1
PF5pVn8N9wA02.mp4,58,0
PF5pVn8N9wA02.mp4,78,1
mH0-_I0XVdE19.mp4,163,0
mH0-_I0XVdE19.mp4,183,1
3p_-1RjvCmw01.mp4,16,0
3p_-1RjvCmw01.mp4,36,1
bSZkOI7eF8k27.mp4,41,0
bSZkOI7eF8k27.mp4,61,1
bSZkOI7eF8k25.mp4,101,0
bSZkOI7eF8k25.mp4,121,1
pA6q7Q2EQrw24.mp4,66,0
pA6q7Q2EQrw24.mp4,86,1
T1WbCBVGCHg07.mp4,85,0
T1WbCBVGCHg07.mp4,105,1
mH0-_I0XVdE36.mp4,32,0
mH0-_I0XVdE36.mp4,52,1
9DRFJxKHc6g07.mp4,130,0
9DRFJxKHc6g07.mp4,150,1
HD6QGx9d8ow02.mp4,75,0
HD6QGx9d8ow02.mp4,95,1
nSK7cehJiCE13.mp4,46,0
nSK7cehJiCE13.mp4,66,1
bSZkOI7eF8k04.mp4,163,0
bSZkOI7eF8k04.mp4,183,1
ztPQViol2bc04.mp4,145,0
ztPQViol2bc04.mp4,165,1
hZm7dC8qBO002.mp4,51,0
hZm7dC8qBO002.mp4,71,1
bSZkOI7eF8k09.mp4,171,0
bSZkOI7eF8k09.mp4,191,1
hZm7dC8qBO018.mp4,9,0
hZm7dC8qBO018.mp4,29,1
nsHYg3ENgk406.mp4,157,0
nsHYg3ENgk406.mp4,177,1
bSZkOI7eF8k18.mp4,58,0
bSZkOI7eF8k18.mp4,78,1
bSZkOI7eF8k08.mp4,54,0
bSZkOI7eF8k08.mp4,74,1
uwd8Z5wuKuI02.mp4,82,0
uwd8Z5wuKuI02.mp4,102,1
5pGjkv5lZXE01.mp4,201,0
5pGjkv5lZXE01.mp4,221,1
hw1C_QvwSrw22.mp4,329,0
hw1C_QvwSrw22.mp4,349,1
kv-u4ZiEGJA14.mp4,58,0
kv-u4ZiEGJA14.mp4,78,1
hw1C_QvwSrw13.mp4,17,0
hw1C_QvwSrw13.mp4,37,1
V0iWmOFca7w06.mp4,425,0
V0iWmOFca7w06.mp4,445,1
bSZkOI7eF8k11.mp4,81,0
bSZkOI7eF8k11.mp4,101,1
hw1C_QvwSrw06.mp4,59,0
hw1C_QvwSrw06.mp4,79,1
PF5pVn8N9wA12.mp4,49,0
PF5pVn8N9wA12.mp4,69,1
2NOe6_DPCzw01.mp4,49,0
2NOe6_DPCzw01.mp4,69,1
Z52L6jGdSkY01.mp4,11,0
Z52L6jGdSkY01.mp4,31,1
GnpwLP2THmM07.mp4,26,0
GnpwLP2THmM07.mp4,46,1
67eBRe-YfEE01.mp4,158,0
67eBRe-YfEE01.mp4,178,1
kv-u4ZiEGJA13.mp4,38,0
kv-u4ZiEGJA13.mp4,58,1
pA6q7Q2EQrw10.mp4,10,0
pA6q7Q2EQrw10.mp4,30,1
bSZkOI7eF8k23.mp4,63,0
bSZkOI7eF8k23.mp4,83,1
pA6q7Q2EQrw11.mp4,11,0
pA6q7Q2EQrw11.mp4,31,1
UphowD1scAU02.mp4,227,0
UphowD1scAU02.mp4,247,1
nsHYg3ENgk404.mp4,170,0
nsHYg3ENgk404.mp4,190,1
nsHYg3ENgk402.mp4,151,0
nsHYg3ENgk402.mp4,171,1
mOwuW8t6-GQ03.mp4,129,0
mOwuW8t6-GQ03.mp4,149,1
L334aqEJxys02.mp4,152,0
L334aqEJxys02.mp4,172,1
hw1C_QvwSrw07.mp4,44,0
hw1C_QvwSrw07.mp4,64,1
hZm7dC8qBO017.mp4,119,0
hZm7dC8qBO017.mp4,139,1
lJvJnAxuX5U01.mp4,156,0
lJvJnAxuX5U01.mp4,176,1
h8R-AyCY_k402.mp4,86,0
h8R-AyCY_k402.mp4,106,1
mH0-_I0XVdE11.mp4,106,0
mH0-_I0XVdE11.mp4,126,1
hSt-aJwZqsY01.mp4,30,0
hSt-aJwZqsY01.mp4,50,1
PF5pVn8N9wA20.mp4,13,0
PF5pVn8N9wA20.mp4,33,1
R1FAbv7IG1Q04.mp4,109,0
R1FAbv7IG1Q04.mp4,129,1
bQp_2lMB4Mk02.mp4,86,0
bQp_2lMB4Mk02.mp4,106,1
N6zJ2inqJn001.mp4,183,0
N6zJ2inqJn001.mp4,203,1
pA6q7Q2EQrw32.mp4,27,0
pA6q7Q2EQrw32.mp4,47,1
HueSPfF0dSQ11.mp4,249,0
HueSPfF0dSQ11.mp4,269,1
CnsDyfXdf8s01.mp4,243,0
CnsDyfXdf8s01.mp4,263,1
9DRFJxKHc6g01.mp4,78,0
9DRFJxKHc6g01.mp4,98,1
mH0-_I0XVdE14.mp4,21,0
mH0-_I0XVdE14.mp4,41,1
kv-u4ZiEGJA01.mp4,58,0
kv-u4ZiEGJA01.mp4,78,1
PF5pVn8N9wA15.mp4,94,0
PF5pVn8N9wA15.mp4,114,1
GnpwLP2THmM03.mp4,23,0
GnpwLP2THmM03.mp4,43,1
hw1C_QvwSrw21.mp4,272,0
hw1C_QvwSrw21.mp4,292,1
rQy2l6gxB8c01.mp4,161,0
rQy2l6gxB8c01.mp4,181,1
7YEUfIVVk9Y04.mp4,20,0
7YEUfIVVk9Y04.mp4,40,1
mOwuW8t6-GQ08.mp4,213,0
mOwuW8t6-GQ08.mp4,233,1
p8eC0tzGJYQ01.mp4,307,0
p8eC0tzGJYQ01.mp4,327,1
PF5pVn8N9wA01.mp4,1,0
PF5pVn8N9wA01.mp4,21,1
bSZkOI7eF8k36.mp4,163,0
bSZkOI7eF8k36.mp4,183,1
bSZkOI7eF8k12.mp4,38,0
bSZkOI7eF8k12.mp4,58,1
HSDqCUHuz8Q04.mp4,92,0
HSDqCUHuz8Q04.mp4,112,1
PF5pVn8N9wA22.mp4,37,0
PF5pVn8N9wA22.mp4,57,1
Z52L6jGdSkY09.mp4,34,0
Z52L6jGdSkY09.mp4,54,1
7YEUfIVVk9Y05.mp4,0,0
7YEUfIVVk9Y05.mp4,16,1
N6YD01OMvBk01.mp4,0,0
N6YD01OMvBk01.mp4,15,1
mOwuW8t6-GQ04.mp4,188,0
mOwuW8t6-GQ04.mp4,208,1
mH0-_I0XVdE30.mp4,0,0
mH0-_I0XVdE30.mp4,13,1
nSK7cehJiCE12.mp4,100,0
nSK7cehJiCE12.mp4,120,1
pA6q7Q2EQrw05.mp4,30,0
pA6q7Q2EQrw05.mp4,50,1
tDN-mwNSJc804.mp4,64,0
tDN-mwNSJc804.mp4,84,1
Z52L6jGdSkY16.mp4,45,0
Z52L6jGdSkY16.mp4,65,1
hZm7dC8qBO004.mp4,99,0
hZm7dC8qBO004.mp4,119,1
N6YD01OMvBk02.mp4,128,0
N6YD01OMvBk02.mp4,148,1
pA6q7Q2EQrw21.mp4,17,0
pA6q7Q2EQrw21.mp4,37,1
N6zJ2inqJn005.mp4,69,0
N6zJ2inqJn005.mp4,89,1
pA6q7Q2EQrw34.mp4,57,0
pA6q7Q2EQrw34.mp4,77,1
YtKuNIcpvlY01.mp4,129,0
YtKuNIcpvlY01.mp4,149,1
7YEUfIVVk9Y03.mp4,95,0
7YEUfIVVk9Y03.mp4,115,1
mH0-_I0XVdE44.mp4,14,0
mH0-_I0XVdE44.mp4,34,1
pA6q7Q2EQrw23.mp4,33,0
pA6q7Q2EQrw23.mp4,53,1
HiyaCRC3CTU04.mp4,49,0
HiyaCRC3CTU04.mp4,69,1
pA6q7Q2EQrw30.mp4,0,0
pA6q7Q2EQrw30.mp4,13,1
wScVipt0pWk01.mp4,2,0
wScVipt0pWk01.mp4,22,1
HiyaCRC3CTU05.mp4,15,0
HiyaCRC3CTU05.mp4,35,1
V0iWmOFca7w09.mp4,71,0
V0iWmOFca7w09.mp4,91,1
nSK7cehJiCE05.mp4,54,0
nSK7cehJiCE05.mp4,74,1
mH0-_I0XVdE39.mp4,0,0
mH0-_I0XVdE39.mp4,19,1
9DRFJxKHc6g02.mp4,198,0
9DRFJxKHc6g02.mp4,218,1
ztPQViol2bc02.mp4,88,0
ztPQViol2bc02.mp4,108,1
hw1C_QvwSrw03.mp4,93,0
hw1C_QvwSrw03.mp4,113,1
kv-u4ZiEGJA08.mp4,6,0
kv-u4ZiEGJA08.mp4,26,1
pA6q7Q2EQrw02.mp4,62,0
pA6q7Q2EQrw02.mp4,82,1
hZm7dC8qBO019.mp4,61,0
hZm7dC8qBO019.mp4,81,1
hZm7dC8qBO001.mp4,64,0
hZm7dC8qBO001.mp4,84,1
tDN-mwNSJc805.mp4,56,0
tDN-mwNSJc805.mp4,76,1
YTOvt3Ac1z401.mp4,734,0
YTOvt3Ac1z401.mp4,754,1
V0iWmOFca7w07.mp4,72,0
V0iWmOFca7w07.mp4,92,1
PF5pVn8N9wA05.mp4,51,0
PF5pVn8N9wA05.mp4,71,1
ogHB0hgLPy002.mp4,83,0
ogHB0hgLPy002.mp4,103,1
V0iWmOFca7w02.mp4,164,0
V0iWmOFca7w02.mp4,184,1
9DRFJxKHc6g05.mp4,190,0
9DRFJxKHc6g05.mp4,210,1
hZm7dC8qBO022.mp4,33,0
hZm7dC8qBO022.mp4,53,1
