kwY2iWBYYT007.mp4,15,45,0
kwY2iWBYYT007.mp4,46,291,1
ALFF5620ljk11.mp4,15,229,0
ALFF5620ljk11.mp4,230,286,1
ALFF5620ljk11.mp4,287,350,0
L4d9ZSVH3fY02.mp4,15,78,0
L4d9ZSVH3fY02.mp4,79,193,1
1XIS9UOwC_Y08.mp4,15,131,0
1XIS9UOwC_Y08.mp4,132,303,1
YQLLNSEeGaE10.mp4,15,61,1
YQLLNSEeGaE10.mp4,62,76,0
CkI203kbHQ803.mp4,15,98,0
CkI203kbHQ803.mp4,99,233,1
bSZkOI7eF8k15.mp4,15,236,0
bSZkOI7eF8k15.mp4,237,272,1
bSZkOI7eF8k15.mp4,273,283,0
mH0-_I0XVdE20.mp4,15,66,0
mH0-_I0XVdE20.mp4,67,171,1
V17rwsM9ELw10.mp4,15,39,0
V17rwsM9ELw10.mp4,40,106,1
bSZkOI7eF8k35.mp4,15,40,0
bSZkOI7eF8k35.mp4,41,90,1
bSZkOI7eF8k35.mp4,91,121,0
xKT7khciy-c17.mp4,15,102,0
xKT7khciy-c17.mp4,103,178,1
xKT7khciy-c17.mp4,179,325,0
YQLLNSEeGaE29.mp4,15,47,1
YQLLNSEeGaE29.mp4,48,109,0
rrh12FY5FjI03.mp4,15,44,0
rrh12FY5FjI03.mp4,45,80,1
3KSHg1inZS805.mp4,15,84,0
3KSHg1inZS805.mp4,85,190,1
IuHk11-Yzn004.mp4,15,205,0
IuHk11-Yzn004.mp4,206,275,1
IuHk11-Yzn004.mp4,276,477,0
hw1C_QvwSrw11.mp4,15,356,1
hw1C_QvwSrw11.mp4,357,484,0
bSZkOI7eF8k20.mp4,15,267,0
bSZkOI7eF8k20.mp4,268,437,1
Xu1KsH1j2iQ14.mp4,15,167,0
Xu1KsH1j2iQ14.mp4,168,237,1
Xu1KsH1j2iQ14.mp4,238,390,0
kv-u4ZiEGJA04.mp4,15,18,0
kv-u4ZiEGJA04.mp4,19,172,1
NCmlbDaj-uE16.mp4,15,169,0
NCmlbDaj-uE16.mp4,170,249,1
NCmlbDaj-uE16.mp4,250,304,0
TqwcLiIQq3A06.mp4,15,254,0
TqwcLiIQq3A06.mp4,255,324,1
TqwcLiIQq3A06.mp4,325,479,0
b46xvHwxpcY07.mp4,15,179,0
b46xvHwxpcY07.mp4,180,482,1
D2AHpCitweI01.mp4,15,48,0
D2AHpCitweI01.mp4,49,189,1
bwW_wL4TwZg02.mp4,15,53,1
bwW_wL4TwZg02.mp4,54,83,0
qAlULqaVFGE03.mp4,15,241,0
qAlULqaVFGE03.mp4,242,279,1
pA6q7Q2EQrw14.mp4,15,292,1
mH0-_I0XVdE19.mp4,15,172,0
mH0-_I0XVdE19.mp4,173,197,1
mH0-_I0XVdE19.mp4,198,268,1
mH0-_I0XVdE19.mp4,269,560,1
upawiSphDM807.mp4,15,80,1
PF5pVn8N9wA12.mp4,15,58,0
PF5pVn8N9wA12.mp4,59,194,1
PF5pVn8N9wA12.mp4,195,207,0
Z52L6jGdSkY07.mp4,15,30,0
Z52L6jGdSkY07.mp4,31,60,1
Z52L6jGdSkY07.mp4,61,114,0
pA6q7Q2EQrw16.mp4,15,53,0
pA6q7Q2EQrw16.mp4,54,99,1
pA6q7Q2EQrw16.mp4,100,277,0
Z52L6jGdSkY14.mp4,15,40,0
Z52L6jGdSkY14.mp4,41,64,1
Z52L6jGdSkY14.mp4,65,85,0
Z52L6jGdSkY14.mp4,86,103,1
7YEUfIVVk9Y03.mp4,15,104,0
7YEUfIVVk9Y03.mp4,105,263,1
b46xvHwxpcY22.mp4,15,124,0
b46xvHwxpcY22.mp4,128,154,1
b46xvHwxpcY22.mp4,155,225,1
R1FAbv7IG1Q01.mp4,15,114,0
R1FAbv7IG1Q01.mp4,115,212,1
PF5pVn8N9wA08.mp4,15,140,1
PF5pVn8N9wA08.mp4,141,154,0
ieFXAiS97A012.mp4,15,190,0
ieFXAiS97A012.mp4,191,370,1
rrh12FY5FjI01.mp4,15,30,0
rrh12FY5FjI01.mp4,31,62,1
L334aqEJxys01.mp4,15,134,0
L334aqEJxys01.mp4,135,416,1
hZm7dC8qBO004.mp4,15,108,0
hZm7dC8qBO004.mp4,109,368,1
IAhGJNVqs1M12.mp4,15,92,0
IAhGJNVqs1M12.mp4,93,289,1
IAhGJNVqs1M12.mp4,290,373,0
mH0-_I0XVdE29.mp4,15,55,0
mH0-_I0XVdE29.mp4,56,224,1
AJKLxHzIHYY20.mp4,15,27,0
AJKLxHzIHYY20.mp4,28,126,1
eL5Nc7CE6nA22.mp4,15,56,1
HueSPfF0dSQ09.mp4,15,113,0
HueSPfF0dSQ09.mp4,114,304,1
YQLLNSEeGaE24.mp4,15,48,1
YQLLNSEeGaE24.mp4,49,60,0
UcJKeuDYOzc05.mp4,15,72,0
UcJKeuDYOzc05.mp4,73,92,1
UcJKeuDYOzc05.mp4,93,183,0
GnpwLP2THmM07.mp4,15,35,0
GnpwLP2THmM07.mp4,36,170,1
ahTF2fb1MQA09.mp4,15,43,0
ahTF2fb1MQA09.mp4,44,154,1
UsCOd9y4TcA03.mp4,15,45,1
YzocCFJIbCc18.mp4,15,99,1
6mVcTFd5TzI30.mp4,15,87,0
6mVcTFd5TzI30.mp4,88,128,1
6mVcTFd5TzI30.mp4,129,140,0
YQLLNSEeGaE18.mp4,15,37,0
YQLLNSEeGaE18.mp4,46,65,1
YQLLNSEeGaE18.mp4,66,86,1
YQLLNSEeGaE18.mp4,87,95,0
YzocCFJIbCc03.mp4,15,68,0
HiyaCRC3CTU01.mp4,15,47,0
HiyaCRC3CTU01.mp4,48,402,1
GnpwLP2THmM10.mp4,15,68,0
GnpwLP2THmM10.mp4,69,226,1
kwY2iWBYYT009.mp4,15,100,0
kwY2iWBYYT009.mp4,101,269,1
pA6q7Q2EQrw29.mp4,15,178,1
AJKLxHzIHYY02.mp4,15,290,0
AJKLxHzIHYY02.mp4,291,426,1
CkI203kbHQ844.mp4,15,59,0
CkI203kbHQ844.mp4,60,91,1
YzocCFJIbCc22.mp4,15,30,0
YzocCFJIbCc22.mp4,31,76,1
pA6q7Q2EQrw33.mp4,15,45,0
pA6q7Q2EQrw33.mp4,46,169,1
pA6q7Q2EQrw33.mp4,170,250,1
YzocCFJIbCc08.mp4,15,25,0
YzocCFJIbCc08.mp4,32,55,0
b46xvHwxpcY27.mp4,15,111,0
b46xvHwxpcY27.mp4,112,258,1
pA6q7Q2EQrw31.mp4,15,190,0
pA6q7Q2EQrw31.mp4,191,327,1
hw1C_QvwSrw02.mp4,15,115,0
hw1C_QvwSrw02.mp4,116,374,1
6mVcTFd5TzI06.mp4,15,53,0
6mVcTFd5TzI06.mp4,54,176,1
N6zJ2inqJn005.mp4,15,78,0
N6zJ2inqJn005.mp4,79,260,1
kwY2iWBYYT030.mp4,15,22,0
kwY2iWBYYT030.mp4,23,154,1
GnpwLP2THmM06.mp4,15,59,0
GnpwLP2THmM06.mp4,60,86,1
nSK7cehJiCE07.mp4,15,63,0
nSK7cehJiCE07.mp4,64,77,1
nSK7cehJiCE07.mp4,78,125,0
T1WbCBVGCHg03.mp4,15,137,0
T1WbCBVGCHg03.mp4,138,195,1
T1WbCBVGCHg03.mp4,196,351,0
tDN-mwNSJc808.mp4,15,30,0
tDN-mwNSJc808.mp4,31,140,1
LuP-qXCZ-eY01.mp4,15,200,0
LuP-qXCZ-eY01.mp4,201,360,1
T1WbCBVGCHg09.mp4,15,178,0
T1WbCBVGCHg09.mp4,179,236,1
T1WbCBVGCHg09.mp4,237,545,0
5pGjkv5lZXE01.mp4,15,210,0
5pGjkv5lZXE01.mp4,211,262,1
5pGjkv5lZXE01.mp4,263,463,0
nkFprOkNnRE50.mp4,15,78,0
nkFprOkNnRE50.mp4,82,107,1
nkFprOkNnRE50.mp4,108,220,1
Xu1KsH1j2iQ05.mp4,15,154,0
Xu1KsH1j2iQ05.mp4,155,172,1
Xu1KsH1j2iQ05.mp4,173,392,0
pA6q7Q2EQrw34.mp4,15,66,0
pA6q7Q2EQrw34.mp4,67,141,1
mg6PLF8sHWw02.mp4,15,202,0
mg6PLF8sHWw02.mp4,203,303,1
mH0-_I0XVdE28.mp4,15,33,0
mH0-_I0XVdE28.mp4,34,163,1
AuQz_-J2kzc19.mp4,15,163,0
AuQz_-J2kzc19.mp4,164,192,1
YzocCFJIbCc16.mp4,15,19,0
YzocCFJIbCc16.mp4,20,69,1
YzocCFJIbCc16.mp4,70,87,0
HueSPfF0dSQ06.mp4,15,43,0
HueSPfF0dSQ06.mp4,44,427,1
bQp_2lMB4Mk01.mp4,15,351,1
eL5Nc7CE6nA03.mp4,15,37,0
eL5Nc7CE6nA03.mp4,38,59,1
pA6q7Q2EQrw02.mp4,15,71,0
pA6q7Q2EQrw02.mp4,72,219,1
651RQwxB3WA09.mp4,15,43,0
651RQwxB3WA09.mp4,44,90,1
u22EZEQVvU401.mp4,15,92,0
u22EZEQVvU401.mp4,93,213,1
V0iWmOFca7w07.mp4,15,81,0
V0iWmOFca7w07.mp4,82,102,1
kwY2iWBYYT033.mp4,15,61,0
kwY2iWBYYT033.mp4,62,114,1
kwY2iWBYYT033.mp4,115,245,1
PF5pVn8N9wA03.mp4,15,86,1
PF5pVn8N9wA03.mp4,87,95,0
AJKLxHzIHYY06.mp4,15,36,0
AJKLxHzIHYY06.mp4,37,190,1
isKhHc3BgvE01.mp4,15,337,0
isKhHc3BgvE01.mp4,338,583,1
YkJ8Yn9tWyo03.mp4,15,112,0
YkJ8Yn9tWyo03.mp4,113,152,1
YkJ8Yn9tWyo03.mp4,153,290,0
Xu1KsH1j2iQ07.mp4,15,287,0
Xu1KsH1j2iQ07.mp4,288,387,1
Xu1KsH1j2iQ07.mp4,388,591,0
ML52jXyFltw05.mp4,15,60,0
ML52jXyFltw05.mp4,61,134,1
UcJKeuDYOzc15.mp4,15,62,1
UcJKeuDYOzc15.mp4,63,256,0
PF5pVn8N9wA20.mp4,15,22,0
PF5pVn8N9wA20.mp4,23,192,1
PF5pVn8N9wA20.mp4,193,246,0
nSK7cehJiCE13.mp4,15,55,0
nSK7cehJiCE13.mp4,56,114,1
AuQz_-J2kzc21.mp4,15,73,0
AuQz_-J2kzc21.mp4,74,107,1
6mVcTFd5TzI31.mp4,15,29,0
6mVcTFd5TzI31.mp4,30,150,1
6mVcTFd5TzI11.mp4,15,86,0
6mVcTFd5TzI11.mp4,87,121,1
6mVcTFd5TzI11.mp4,122,175,0
hZm7dC8qBO011.mp4,15,38,0
hZm7dC8qBO011.mp4,39,204,1
YzocCFJIbCc02.mp4,16,54,1
WTy69_at39U01.mp4,15,96,0
WTy69_at39U01.mp4,97,119,1
WTy69_at39U01.mp4,121,220,1
WTy69_at39U01.mp4,221,322,0
wbAHPwlxdJ401.mp4,15,179,0
wbAHPwlxdJ401.mp4,180,204,1
hw1C_QvwSrw13.mp4,15,26,0
hw1C_QvwSrw13.mp4,27,82,1
GnpwLP2THmM13.mp4,15,88,0
GnpwLP2THmM13.mp4,89,245,1
wScVipt0pWk06.mp4,15,66,0
wScVipt0pWk06.mp4,67,159,1
nkFprOkNnRE36.mp4,15,52,0
nkFprOkNnRE36.mp4,53,232,1
mH0-_I0XVdE07.mp4,15,75,0
mH0-_I0XVdE07.mp4,76,211,1
L334aqEJxys02.mp4,15,161,0
L334aqEJxys02.mp4,162,307,1
L4d9ZSVH3fY03.mp4,15,68,0
L4d9ZSVH3fY03.mp4,69,98,1
L4d9ZSVH3fY03.mp4,99,117,0
L4d9ZSVH3fY03.mp4,118,318,1
mOwuW8t6-GQ06.mp4,15,115,0
mOwuW8t6-GQ06.mp4,116,165,1
mOwuW8t6-GQ06.mp4,166,226,0
XT1OvDIrn9o10.mp4,15,81,0
XT1OvDIrn9o10.mp4,82,141,1
XT1OvDIrn9o10.mp4,142,157,0
nsHYg3ENgk408.mp4,15,171,0
nsHYg3ENgk408.mp4,172,245,1
EqzYBBym7ro01.mp4,15,32,0
EqzYBBym7ro01.mp4,33,109,1
UphowD1scAU01.mp4,15,159,0
UphowD1scAU01.mp4,160,201,1
UphowD1scAU01.mp4,202,234,0
UphowD1scAU01.mp4,235,354,1
UphowD1scAU01.mp4,355,396,0
Xu1KsH1j2iQ02.mp4,15,145,0
Xu1KsH1j2iQ02.mp4,152,271,0
nSK7cehJiCE11.mp4,15,47,0
nSK7cehJiCE11.mp4,48,103,1
nSK7cehJiCE11.mp4,104,133,0
NoE6K0vNiB002.mp4,15,78,1
aY2Q0gfCr-001.mp4,15,69,0
aY2Q0gfCr-001.mp4,70,268,1
mH0-_I0XVdE24.mp4,15,111,0
mH0-_I0XVdE24.mp4,112,553,1
bwW_wL4TwZg04.mp4,15,37,0
bwW_wL4TwZg04.mp4,38,134,1
xKT7khciy-c23.mp4,15,89,0
xKT7khciy-c23.mp4,90,219,1
xKT7khciy-c23.mp4,220,299,0
651RQwxB3WA08.mp4,15,16,0
651RQwxB3WA08.mp4,17,46,1
V17rwsM9ELw03.mp4,15,99,0
V17rwsM9ELw03.mp4,100,262,1
DVutb2SBnKo01.mp4,15,93,0
DVutb2SBnKo01.mp4,94,188,1
DVutb2SBnKo01.mp4,189,361,0
pA6q7Q2EQrw17.mp4,15,219,1
PF5pVn8N9wA06.mp4,15,27,0
PF5pVn8N9wA06.mp4,28,36,1
PF5pVn8N9wA06.mp4,37,108,1
PF5pVn8N9wA06.mp4,109,117,1
PF5pVn8N9wA06.mp4,119,172,1
PF5pVn8N9wA06.mp4,173,187,0
UcJKeuDYOzc08.mp4,15,167,0
UcJKeuDYOzc08.mp4,168,247,1
UcJKeuDYOzc08.mp4,248,397,0
AuQz_-J2kzc25.mp4,15,195,0
AuQz_-J2kzc25.mp4,196,371,1
b46xvHwxpcY31.mp4,15,95,0
b46xvHwxpcY31.mp4,96,456,1
AJKLxHzIHYY18.mp4,15,341,1
N6zJ2inqJn001.mp4,15,192,0
N6zJ2inqJn001.mp4,193,359,1
nsHYg3ENgk401.mp4,15,88,0
nsHYg3ENgk401.mp4,89,285,1
AuQz_-J2kzc27.mp4,15,160,0
AuQz_-J2kzc27.mp4,161,228,1
uEbscoDZhDM01.mp4,15,72,0
uEbscoDZhDM01.mp4,73,163,1
uEbscoDZhDM01.mp4,164,261,0
mH0-_I0XVdE16.mp4,15,102,0
mH0-_I0XVdE16.mp4,103,140,1
mH0-_I0XVdE16.mp4,141,151,1
mH0-_I0XVdE16.mp4,152,457,1
upawiSphDM804.mp4,15,49,0
upawiSphDM804.mp4,50,219,1
upawiSphDM804.mp4,220,303,0
nsHYg3ENgk409.mp4,15,177,0
nsHYg3ENgk409.mp4,178,271,1
AuQz_-J2kzc12.mp4,15,34,0
AuQz_-J2kzc12.mp4,35,105,1
hZm7dC8qBO019.mp4,15,70,0
hZm7dC8qBO019.mp4,71,172,1
hZm7dC8qBO019.mp4,173,540,0
kv-u4ZiEGJA13.mp4,15,47,0
kv-u4ZiEGJA13.mp4,48,195,1
nkFprOkNnRE28.mp4,15,118,0
nkFprOkNnRE28.mp4,119,266,1
V17rwsM9ELw06.mp4,15,110,0
V17rwsM9ELw06.mp4,111,183,1
pA6q7Q2EQrw21.mp4,15,26,0
pA6q7Q2EQrw21.mp4,27,220,1
CkI203kbHQ834.mp4,15,57,0
CkI203kbHQ834.mp4,58,119,1
hSt-aJwZqsY03.mp4,15,77,0
hSt-aJwZqsY03.mp4,78,214,1
HueSPfF0dSQ22.mp4,15,100,0
HueSPfF0dSQ22.mp4,101,131,1
HueSPfF0dSQ22.mp4,132,236,0
BpMHNEa79lo01.mp4,15,148,0
BpMHNEa79lo01.mp4,149,323,1
PF5pVn8N9wA07.mp4,15,48,1
9jBSHJJQI5M01.mp4,15,129,0
9jBSHJJQI5M01.mp4,130,285,1
V17rwsM9ELw02.mp4,15,22,0
V17rwsM9ELw02.mp4,23,36,1
NCmlbDaj-uE03.mp4,15,196,0
NCmlbDaj-uE03.mp4,197,337,1
y3X8ABSlGvc01.mp4,15,41,0
y3X8ABSlGvc01.mp4,42,220,1
xnuith2Kr0k11.mp4,15,83,0
xnuith2Kr0k11.mp4,84,131,1
YQLLNSEeGaE21.mp4,15,95,0
YQLLNSEeGaE21.mp4,101,160,1
YQLLNSEeGaE21.mp4,161,232,0
b46xvHwxpcY16.mp4,15,217,0
b46xvHwxpcY16.mp4,218,468,1
EN-JKUXkwPQ03.mp4,15,39,0
EN-JKUXkwPQ03.mp4,40,125,1
u6mIIiRku0401.mp4,15,44,0
u6mIIiRku0401.mp4,45,358,1
hZm7dC8qBO023.mp4,15,28,0
hZm7dC8qBO023.mp4,29,406,1
ztPQViol2bc03.mp4,15,67,0
ztPQViol2bc03.mp4,68,76,1
ztPQViol2bc03.mp4,77,99,0
ztPQViol2bc03.mp4,100,109,1
ztPQViol2bc03.mp4,110,203,0
PF5pVn8N9wA10.mp4,15,59,1
PF5pVn8N9wA10.mp4,60,91,0
mH0-_I0XVdE04.mp4,15,127,0
mH0-_I0XVdE04.mp4,128,282,1
upawiSphDM813.mp4,15,123,0
upawiSphDM813.mp4,124,247,1
mg6PLF8sHWw03.mp4,15,170,0
mg6PLF8sHWw03.mp4,171,418,1
YQLLNSEeGaE22.mp4,15,57,0
YQLLNSEeGaE22.mp4,58,100,1
YQLLNSEeGaE22.mp4,101,195,0
t5uupfbJgIs01.mp4,15,92,0
t5uupfbJgIs01.mp4,93,212,1
V17rwsM9ELw08.mp4,15,125,0
V17rwsM9ELw08.mp4,126,140,1
YQLLNSEeGaE06.mp4,15,75,0
YQLLNSEeGaE06.mp4,76,135,1
YQLLNSEeGaE06.mp4,136,181,0
NCmlbDaj-uE02.mp4,15,107,0
NCmlbDaj-uE02.mp4,108,349,1
YQLLNSEeGaE01.mp4,16,69,1
CnsDyfXdf8s02.mp4,15,141,0
CnsDyfXdf8s02.mp4,142,421,1
pA6q7Q2EQrw30.mp4,15,124,1
pA6q7Q2EQrw30.mp4,132,365,1
V17rwsM9ELw13.mp4,15,51,0
V17rwsM9ELw13.mp4,52,131,1
V17rwsM9ELw13.mp4,132,162,0
NCmlbDaj-uE04.mp4,15,73,0
NCmlbDaj-uE04.mp4,74,326,1
H7Xce-lDe6g01.mp4,15,25,0
H7Xce-lDe6g01.mp4,26,124,1
7YEUfIVVk9Y04.mp4,15,29,0
7YEUfIVVk9Y04.mp4,30,150,1
nkFprOkNnRE31.mp4,15,99,0
nkFprOkNnRE31.mp4,100,344,1
NCmlbDaj-uE13.mp4,15,145,0
NCmlbDaj-uE13.mp4,146,221,1
NCmlbDaj-uE11.mp4,15,98,0
NCmlbDaj-uE11.mp4,99,333,1
xKT7khciy-c06.mp4,15,129,0
xKT7khciy-c06.mp4,130,209,1
xKT7khciy-c06.mp4,210,356,0
BpMHNEa79lo02.mp4,15,72,0
BpMHNEa79lo02.mp4,73,386,1
bwW_wL4TwZg01.mp4,15,49,1
bwW_wL4TwZg01.mp4,50,70,0
hw1C_QvwSrw05.mp4,15,40,0
hw1C_QvwSrw05.mp4,41,374,1
wScVipt0pWk08.mp4,15,37,0
wScVipt0pWk08.mp4,38,125,1
HueSPfF0dSQ18.mp4,15,74,0
HueSPfF0dSQ18.mp4,75,327,1
mH0-_I0XVdE11.mp4,15,115,0
mH0-_I0XVdE11.mp4,116,212,1
GnpwLP2THmM11.mp4,15,29,0
GnpwLP2THmM11.mp4,30,162,1
mH0-_I0XVdE40.mp4,15,118,1
nkFprOkNnRE53.mp4,15,111,0
nkFprOkNnRE53.mp4,112,140,1
nkFprOkNnRE53.mp4,141,213,0
PF5pVn8N9wA14.mp4,15,19,0
PF5pVn8N9wA14.mp4,20,59,1
PF5pVn8N9wA14.mp4,60,94,0
nkFprOkNnRE42.mp4,15,98,1
T1WbCBVGCHg02.mp4,15,106,0
T1WbCBVGCHg02.mp4,107,127,1
nSK7cehJiCE09.mp4,15,40,0
nSK7cehJiCE09.mp4,41,145,1
pA6q7Q2EQrw32.mp4,15,36,0
pA6q7Q2EQrw32.mp4,37,172,1
pA6q7Q2EQrw32.mp4,173,216,0
ieFXAiS97A007.mp4,15,206,0
ieFXAiS97A007.mp4,207,377,1
N8DNC_llAt003.mp4,15,42,0
N8DNC_llAt003.mp4,43,81,1
YSGhwU9XxuY01.mp4,15,146,0
YSGhwU9XxuY01.mp4,147,196,1
YSGhwU9XxuY01.mp4,197,262,0
ALFF5620ljk12.mp4,15,178,0
ALFF5620ljk12.mp4,179,443,1
nuaZZkgs8zw01.mp4,15,139,0
nuaZZkgs8zw01.mp4,140,174,1
nuaZZkgs8zw01.mp4,175,222,1
HiyaCRC3CTU04.mp4,15,58,0
HiyaCRC3CTU04.mp4,59,156,1
HiyaCRC3CTU04.mp4,165,287,1
nSK7cehJiCE05.mp4,15,63,0
nSK7cehJiCE05.mp4,64,111,1
kwY2iWBYYT004.mp4,15,192,1
wScVipt0pWk14.mp4,15,71,0
wScVipt0pWk14.mp4,72,81,1
wScVipt0pWk14.mp4,82,141,0
rrh12FY5FjI16.mp4,15,143,0
rrh12FY5FjI16.mp4,144,223,1
rrh12FY5FjI16.mp4,224,254,0
XT1OvDIrn9o04.mp4,15,53,0
XT1OvDIrn9o04.mp4,54,113,1
XT1OvDIrn9o04.mp4,114,250,0
YQLLNSEeGaE35.mp4,15,66,0
YQLLNSEeGaE35.mp4,67,95,1
YQLLNSEeGaE35.mp4,96,233,0
AuQz_-J2kzc18.mp4,15,66,0
AuQz_-J2kzc18.mp4,67,246,1
bPQ4GUk8ens02.mp4,15,235,0
bPQ4GUk8ens02.mp4,236,415,1
wScVipt0pWk15.mp4,15,126,0
wScVipt0pWk15.mp4,127,177,1
nFpT2-RpAS803.mp4,15,82,0
nFpT2-RpAS803.mp4,83,369,1
dmwcqNAuZcM01.mp4,15,41,0
dmwcqNAuZcM01.mp4,42,358,1
nkFprOkNnRE45.mp4,15,67,0
nkFprOkNnRE45.mp4,68,144,1
5IrqZnvHUsY01.mp4,15,57,0
5IrqZnvHUsY01.mp4,58,181,1
6mVcTFd5TzI22.mp4,15,58,0
6mVcTFd5TzI22.mp4,59,122,1
T1WbCBVGCHg05.mp4,15,178,0
T1WbCBVGCHg05.mp4,179,299,1
xKT7khciy-c07.mp4,15,94,0
xKT7khciy-c07.mp4,95,270,1
mH0-_I0XVdE38.mp4,15,18,0
mH0-_I0XVdE38.mp4,19,106,1
pA6q7Q2EQrw03.mp4,15,34,0
pA6q7Q2EQrw03.mp4,35,335,1
CkI203kbHQ847.mp4,15,26,0
CkI203kbHQ847.mp4,27,108,1
1XIS9UOwC_Y06.mp4,15,85,0
1XIS9UOwC_Y06.mp4,86,235,1
ilqwsI6eg8k02.mp4,15,196,0
ilqwsI6eg8k02.mp4,197,336,1
mH0-_I0XVdE13.mp4,15,188,0
mH0-_I0XVdE13.mp4,189,300,1
3Xd6PxEvbNk08.mp4,15,48,0
3Xd6PxEvbNk08.mp4,49,261,1
wScVipt0pWk16.mp4,15,62,0
wScVipt0pWk16.mp4,63,105,1
hZm7dC8qBO010.mp4,15,285,1
wYdE4gh__Wg02.mp4,15,17,0
wYdE4gh__Wg02.mp4,18,87,1
wYdE4gh__Wg02.mp4,88,199,0
hZm7dC8qBO013.mp4,15,17,0
hZm7dC8qBO013.mp4,18,375,1
AJKLxHzIHYY08.mp4,15,50,0
AJKLxHzIHYY08.mp4,51,151,1
CkI203kbHQ828.mp4,15,65,0
CkI203kbHQ828.mp4,66,115,1
3KSHg1inZS811.mp4,15,16,0
3KSHg1inZS811.mp4,17,149,1
XT1OvDIrn9o17.mp4,15,75,0
XT1OvDIrn9o17.mp4,76,111,1
mH0-_I0XVdE45.mp4,15,19,0
mH0-_I0XVdE45.mp4,20,93,1
hw1C_QvwSrw03.mp4,15,102,0
hw1C_QvwSrw03.mp4,103,157,1
hw1C_QvwSrw03.mp4,158,195,1
hw1C_QvwSrw03.mp4,196,269,1
PF5pVn8N9wA04.mp4,15,85,0
PF5pVn8N9wA04.mp4,86,130,1
PF5pVn8N9wA04.mp4,131,219,0
mH0-_I0XVdE23.mp4,15,74,0
mH0-_I0XVdE23.mp4,75,323,1
nkFprOkNnRE56.mp4,15,40,0
nkFprOkNnRE56.mp4,41,137,1
u22EZEQVvU404.mp4,15,71,0
u22EZEQVvU404.mp4,72,208,1
eL5Nc7CE6nA08.mp4,15,42,1
JKOl8iNV09o01.mp4,15,116,0
JKOl8iNV09o01.mp4,117,260,1
XT1OvDIrn9o19.mp4,15,322,0
XT1OvDIrn9o19.mp4,323,382,1
XT1OvDIrn9o19.mp4,383,478,0
b46xvHwxpcY11.mp4,15,181,0
b46xvHwxpcY11.mp4,182,359,1
9DRFJxKHc6g06.mp4,15,295,0
9DRFJxKHc6g06.mp4,296,470,1
EN-JKUXkwPQ07.mp4,15,76,0
EN-JKUXkwPQ07.mp4,77,182,1
3Xd6PxEvbNk12.mp4,15,157,0
3Xd6PxEvbNk12.mp4,158,211,1
3Xd6PxEvbNk12.mp4,212,259,0
3p_-1RjvCmw02.mp4,15,84,0
3p_-1RjvCmw02.mp4,85,107,1
3p_-1RjvCmw02.mp4,108,233,0
eL5Nc7CE6nA01.mp4,15,76,1
k932VZGqE6c04.mp4,15,120,0
k932VZGqE6c04.mp4,121,311,1
HueSPfF0dSQ15.mp4,15,56,0
HueSPfF0dSQ15.mp4,57,470,1
YQLLNSEeGaE13.mp4,15,69,0
YQLLNSEeGaE13.mp4,70,166,1
GnpwLP2THmM02.mp4,15,83,0
GnpwLP2THmM02.mp4,84,210,1
UcJKeuDYOzc17.mp4,15,148,0
UcJKeuDYOzc17.mp4,149,246,1
ALFF5620ljk13.mp4,15,200,0
ALFF5620ljk13.mp4,201,334,1
h50TQ3i9k5I03.mp4,15,175,0
h50TQ3i9k5I03.mp4,176,357,1
CkI203kbHQ827.mp4,15,104,0
CkI203kbHQ827.mp4,105,146,1
hw1C_QvwSrw01.mp4,15,34,0
hw1C_QvwSrw01.mp4,35,288,1
CkI203kbHQ811.mp4,15,51,0
CkI203kbHQ811.mp4,52,96,1
nkFprOkNnRE32.mp4,15,102,0
nkFprOkNnRE32.mp4,103,281,1
CkI203kbHQ825.mp4,15,26,0
CkI203kbHQ825.mp4,27,114,1
u22EZEQVvU407.mp4,15,160,0
u22EZEQVvU407.mp4,161,254,1
u22EZEQVvU407.mp4,255,326,0
Z4dWfjsrYhQ05.mp4,15,57,0
Z4dWfjsrYhQ05.mp4,58,84,1
Z4dWfjsrYhQ05.mp4,85,159,0
1XIS9UOwC_Y09.mp4,15,154,0
1XIS9UOwC_Y09.mp4,155,180,1
1XIS9UOwC_Y09.mp4,181,249,0
YQLLNSEeGaE23.mp4,15,56,0
YQLLNSEeGaE23.mp4,57,80,1
YQLLNSEeGaE23.mp4,81,176,0
UcJKeuDYOzc09.mp4,15,90,0
UcJKeuDYOzc09.mp4,91,120,1
UcJKeuDYOzc09.mp4,121,180,0
Xu1KsH1j2iQ17.mp4,15,124,0
Xu1KsH1j2iQ17.mp4,125,304,1
Xu1KsH1j2iQ17.mp4,305,457,0
ALFF5620ljk07.mp4,15,234,0
ALFF5620ljk07.mp4,235,350,1
Z52L6jGdSkY04.mp4,15,35,0
Z52L6jGdSkY04.mp4,36,108,1
V0iWmOFca7w10.mp4,15,207,0
V0iWmOFca7w10.mp4,208,247,1
V0iWmOFca7w10.mp4,248,422,0
IAhGJNVqs1M03.mp4,15,141,0
IAhGJNVqs1M03.mp4,142,210,1
nSK7cehJiCE04.mp4,15,17,0
nSK7cehJiCE04.mp4,18,63,1
9DRFJxKHc6g02.mp4,15,207,0
9DRFJxKHc6g02.mp4,208,376,1
tDN-mwNSJc805.mp4,15,65,0
tDN-mwNSJc805.mp4,66,152,1
IuHk11-Yzn001.mp4,15,115,0
IuHk11-Yzn001.mp4,116,235,1
IuHk11-Yzn001.mp4,236,404,0
CkI203kbHQ845.mp4,15,23,0
CkI203kbHQ845.mp4,24,62,1
PF5pVn8N9wA26.mp4,15,22,0
PF5pVn8N9wA26.mp4,23,96,1
PF5pVn8N9wA26.mp4,97,144,0
GnpwLP2THmM12.mp4,15,62,0
GnpwLP2THmM12.mp4,63,151,1
CkI203kbHQ820.mp4,15,38,0
CkI203kbHQ820.mp4,39,139,1
CkI203kbHQ820.mp4,140,379,0
1XIS9UOwC_Y03.mp4,15,85,0
1XIS9UOwC_Y03.mp4,86,215,1
nsHYg3ENgk410.mp4,15,166,0
nsHYg3ENgk410.mp4,167,237,1
pA6q7Q2EQrw09.mp4,15,62,0
pA6q7Q2EQrw09.mp4,63,203,1
pA6q7Q2EQrw09.mp4,204,285,0
mOwuW8t6-GQ04.mp4,15,197,0
mOwuW8t6-GQ04.mp4,198,231,1
mOwuW8t6-GQ04.mp4,232,397,0
u22EZEQVvU406.mp4,15,100,1
N8DNC_llAt004.mp4,15,98,0
N8DNC_llAt004.mp4,99,149,1
AJKLxHzIHYY19.mp4,15,18,0
AJKLxHzIHYY19.mp4,19,231,1
HueSPfF0dSQ13.mp4,15,34,0
HueSPfF0dSQ13.mp4,35,107,1
b46xvHwxpcY29.mp4,15,135,0
b46xvHwxpcY29.mp4,136,342,1
NCmlbDaj-uE14.mp4,15,168,0
NCmlbDaj-uE14.mp4,169,342,1
upawiSphDM816.mp4,15,155,0
upawiSphDM816.mp4,156,348,1
HD6QGx9d8ow03.mp4,15,128,0
HD6QGx9d8ow03.mp4,129,275,1
6mVcTFd5TzI29.mp4,15,45,0
6mVcTFd5TzI29.mp4,46,73,1
6mVcTFd5TzI29.mp4,74,98,0
CkI203kbHQ837.mp4,15,83,0
CkI203kbHQ837.mp4,84,111,1
CkI203kbHQ832.mp4,15,145,0
CkI203kbHQ832.mp4,146,168,1
YzocCFJIbCc14.mp4,15,21,1
YzocCFJIbCc14.mp4,22,65,1
Xu1KsH1j2iQ13.mp4,15,85,0
Xu1KsH1j2iQ13.mp4,86,165,1
Xu1KsH1j2iQ13.mp4,166,366,0
nkFprOkNnRE40.mp4,15,25,0
nkFprOkNnRE40.mp4,26,86,1
nkFprOkNnRE40.mp4,87,98,0
eL5Nc7CE6nA04.mp4,15,48,1
hw1C_QvwSrw09.mp4,15,125,0
hw1C_QvwSrw09.mp4,126,312,1
ahTF2fb1MQA01.mp4,15,81,0
ahTF2fb1MQA01.mp4,82,98,1
ahTF2fb1MQA01.mp4,99,134,0
bH0vBs-Sl2o04.mp4,15,107,0
bH0vBs-Sl2o04.mp4,108,120,1
bH0vBs-Sl2o04.mp4,121,233,0
nSK7cehJiCE12.mp4,15,109,0
nSK7cehJiCE12.mp4,110,221,1
nSK7cehJiCE12.mp4,222,441,0
4gFiGGeTp5w03.mp4,15,163,0
4gFiGGeTp5w03.mp4,168,193,1
4gFiGGeTp5w03.mp4,194,366,1
rrh12FY5FjI12.mp4,15,137,0
rrh12FY5FjI12.mp4,138,230,1
0NixrF6Mt0001.mp4,15,143,0
0NixrF6Mt0001.mp4,144,231,1
6mVcTFd5TzI20.mp4,15,69,0
6mVcTFd5TzI20.mp4,70,92,1
6mVcTFd5TzI20.mp4,93,104,0
pA6q7Q2EQrw22.mp4,15,35,0
pA6q7Q2EQrw22.mp4,36,89,1
pA6q7Q2EQrw22.mp4,90,121,0
6mVcTFd5TzI13.mp4,15,33,0
6mVcTFd5TzI13.mp4,34,113,1
oopO9qXFlws01.mp4,15,39,0
oopO9qXFlws01.mp4,40,322,1
Z52L6jGdSkY09.mp4,15,43,0
Z52L6jGdSkY09.mp4,44,77,1
Z52L6jGdSkY09.mp4,78,128,0
wYdE4gh__Wg03.mp4,15,29,0
wYdE4gh__Wg03.mp4,30,39,1
wYdE4gh__Wg03.mp4,40,156,0
EN-JKUXkwPQ05.mp4,15,52,0
EN-JKUXkwPQ05.mp4,53,104,1
mH0-_I0XVdE37.mp4,15,117,1
nkFprOkNnRE12.mp4,15,97,1
3QsW1X6RE4U01.mp4,15,32,0
3QsW1X6RE4U01.mp4,33,183,1
XT1OvDIrn9o13.mp4,15,346,0
XT1OvDIrn9o13.mp4,347,358,1
XT1OvDIrn9o13.mp4,359,475,0
CkI203kbHQ815.mp4,15,38,0
CkI203kbHQ815.mp4,39,105,1
YQLLNSEeGaE30.mp4,15,32,0
YQLLNSEeGaE30.mp4,33,69,1
YQLLNSEeGaE30.mp4,70,179,0
nSK7cehJiCE10.mp4,15,40,0
nSK7cehJiCE10.mp4,41,138,1
IAhGJNVqs1M11.mp4,15,52,0
IAhGJNVqs1M11.mp4,53,225,1
bSZkOI7eF8k34.mp4,15,158,0
bSZkOI7eF8k34.mp4,159,198,1
bSZkOI7eF8k34.mp4,199,238,0
ML52jXyFltw04.mp4,15,25,0
ML52jXyFltw04.mp4,26,71,1
UcJKeuDYOzc18.mp4,15,39,0
UcJKeuDYOzc18.mp4,40,69,1
UcJKeuDYOzc18.mp4,70,187,0
nFpT2-RpAS804.mp4,15,243,1
eL5Nc7CE6nA12.mp4,16,79,1
mH0-_I0XVdE15.mp4,15,63,0
mH0-_I0XVdE15.mp4,64,157,1
6mVcTFd5TzI02.mp4,15,117,0
6mVcTFd5TzI02.mp4,118,191,1
9DRFJxKHc6g01.mp4,15,87,0
9DRFJxKHc6g01.mp4,88,191,1
qAlULqaVFGE02.mp4,15,70,0
qAlULqaVFGE02.mp4,71,210,1
qAlULqaVFGE02.mp4,211,271,0
HueSPfF0dSQ05.mp4,15,33,0
HueSPfF0dSQ05.mp4,34,342,1
pA6q7Q2EQrw24.mp4,15,75,0
pA6q7Q2EQrw24.mp4,76,145,1
pA6q7Q2EQrw24.mp4,146,236,0
wScVipt0pWk05.mp4,16,145,1
wScVipt0pWk05.mp4,146,200,0
CnsDyfXdf8s01.mp4,15,252,0
CnsDyfXdf8s01.mp4,253,501,1
nkFprOkNnRE14.mp4,15,21,0
nkFprOkNnRE14.mp4,27,110,0
xKT7khciy-c26.mp4,15,237,0
xKT7khciy-c26.mp4,238,337,1
xKT7khciy-c26.mp4,338,372,0
6mVcTFd5TzI12.mp4,15,203,0
6mVcTFd5TzI12.mp4,204,266,1
1XIS9UOwC_Y01.mp4,15,32,0
1XIS9UOwC_Y01.mp4,33,74,1
1XIS9UOwC_Y01.mp4,75,158,0
UcJKeuDYOzc01.mp4,15,34,0
UcJKeuDYOzc01.mp4,35,159,1
uwd8Z5wuKuI02.mp4,15,91,0
uwd8Z5wuKuI02.mp4,92,128,1
uwd8Z5wuKuI02.mp4,129,149,0
nkFprOkNnRE52.mp4,15,73,0
nkFprOkNnRE52.mp4,74,206,1
hw1C_QvwSrw08.mp4,15,125,0
hw1C_QvwSrw08.mp4,126,422,1
R5dVWjx3NEo03.mp4,15,38,0
R5dVWjx3NEo03.mp4,39,48,0
R5dVWjx3NEo03.mp4,49,273,1
rrh12FY5FjI02.mp4,15,77,0
rrh12FY5FjI02.mp4,78,107,1
rrh12FY5FjI02.mp4,108,118,0
b46xvHwxpcY08.mp4,15,135,0
b46xvHwxpcY08.mp4,136,275,1
eL5Nc7CE6nA20.mp4,15,17,0
eL5Nc7CE6nA20.mp4,18,70,1
6mVcTFd5TzI16.mp4,15,44,0
6mVcTFd5TzI16.mp4,45,112,1
HD6QGx9d8ow02.mp4,15,84,0
HD6QGx9d8ow02.mp4,85,218,1
HD6QGx9d8ow04.mp4,15,90,0
HD6QGx9d8ow04.mp4,91,294,1
UsCOd9y4TcA01.mp4,15,49,1
pA6q7Q2EQrw08.mp4,15,156,0
pA6q7Q2EQrw08.mp4,157,383,1
Z4dWfjsrYhQ06.mp4,15,80,0
Z4dWfjsrYhQ06.mp4,81,103,1
HueSPfF0dSQ08.mp4,15,119,0
HueSPfF0dSQ08.mp4,120,423,1
hSt-aJwZqsY01.mp4,15,39,0
hSt-aJwZqsY01.mp4,40,152,1
DrTDtkeGv8Q01.mp4,15,178,0
DrTDtkeGv8Q01.mp4,179,362,1
pA6q7Q2EQrw36.mp4,15,53,0
pA6q7Q2EQrw36.mp4,54,217,1
ahTF2fb1MQA08.mp4,15,24,0
ahTF2fb1MQA08.mp4,25,111,1
b46xvHwxpcY25.mp4,15,292,0
b46xvHwxpcY25.mp4,293,388,1
bSZkOI7eF8k01.mp4,15,430,0
bSZkOI7eF8k01.mp4,431,470,1
ogHB0hgLPy002.mp4,15,92,0
ogHB0hgLPy002.mp4,93,184,1
ogHB0hgLPy002.mp4,185,203,0
V0iWmOFca7w08.mp4,15,58,0
V0iWmOFca7w08.mp4,59,115,1
V0iWmOFca7w08.mp4,116,422,0
tDN-mwNSJc810.mp4,15,110,0
tDN-mwNSJc810.mp4,111,206,1
Anm6ftbjNDM01.mp4,15,321,0
Anm6ftbjNDM01.mp4,322,359,1
Anm6ftbjNDM01.mp4,360,393,0
xKT7khciy-c22.mp4,15,59,0
xKT7khciy-c22.mp4,60,119,1
xKT7khciy-c22.mp4,120,303,0
ieFXAiS97A002.mp4,15,143,0
ieFXAiS97A002.mp4,144,289,1
mH0-_I0XVdE46.mp4,15,61,0
mH0-_I0XVdE46.mp4,62,190,1
CkI203kbHQ806.mp4,15,101,0
CkI203kbHQ806.mp4,102,132,1
UcJKeuDYOzc06.mp4,15,22,0
UcJKeuDYOzc06.mp4,23,129,1
UcJKeuDYOzc06.mp4,130,264,0
upawiSphDM802.mp4,15,20,0
upawiSphDM802.mp4,21,98,1
hZm7dC8qBO020.mp4,15,93,0
hZm7dC8qBO020.mp4,94,193,1
hZm7dC8qBO020.mp4,194,237,0
CkI203kbHQ841.mp4,15,51,0
CkI203kbHQ841.mp4,52,72,1
CkI203kbHQ841.mp4,75,113,1
xKT7khciy-c19.mp4,15,39,0
xKT7khciy-c19.mp4,40,224,1
67eBRe-YfEE01.mp4,15,167,0
67eBRe-YfEE01.mp4,168,410,1
nkFprOkNnRE06.mp4,15,101,0
nkFprOkNnRE06.mp4,102,121,1
nkFprOkNnRE06.mp4,122,159,0
XT1OvDIrn9o14.mp4,15,30,0
XT1OvDIrn9o14.mp4,31,270,1
XT1OvDIrn9o14.mp4,271,351,0
ALFF5620ljk09.mp4,15,239,0
ALFF5620ljk09.mp4,240,355,1
651RQwxB3WA13.mp4,15,20,0
651RQwxB3WA13.mp4,21,78,1
u_XTj0FQRaA01.mp4,15,126,0
u_XTj0FQRaA01.mp4,127,246,1
EN-JKUXkwPQ08.mp4,15,94,0
EN-JKUXkwPQ08.mp4,95,215,1
bSZkOI7eF8k29.mp4,15,136,0
bSZkOI7eF8k29.mp4,137,279,1
bSZkOI7eF8k29.mp4,280,326,0
mH0-_I0XVdE48.mp4,15,40,0
mH0-_I0XVdE48.mp4,41,82,1
mH0-_I0XVdE48.mp4,83,94,0
CkI203kbHQ817.mp4,15,96,0
CkI203kbHQ817.mp4,97,156,1
N8DNC_llAt015.mp4,15,130,0
N8DNC_llAt015.mp4,131,235,1
nSK7cehJiCE03.mp4,15,66,1
PF5pVn8N9wA24.mp4,15,22,0
PF5pVn8N9wA24.mp4,23,90,1
PF5pVn8N9wA24.mp4,91,146,0
ztPQViol2bc02.mp4,15,97,0
ztPQViol2bc02.mp4,98,126,1
ztPQViol2bc02.mp4,127,194,0
UcJKeuDYOzc13.mp4,15,29,0
UcJKeuDYOzc13.mp4,30,179,1
nkFprOkNnRE43.mp4,15,27,0
nkFprOkNnRE43.mp4,28,165,1
H7Xce-lDe6g04.mp4,15,239,1
hZm7dC8qBO002.mp4,15,60,0
hZm7dC8qBO002.mp4,61,234,1
AuQz_-J2kzc29.mp4,15,172,0
AuQz_-J2kzc29.mp4,173,277,1
ML52jXyFltw01.mp4,15,34,1
Z52L6jGdSkY13.mp4,15,64,0
Z52L6jGdSkY13.mp4,65,100,1
hSt-aJwZqsY05.mp4,15,43,0
hSt-aJwZqsY05.mp4,44,70,1
hSt-aJwZqsY05.mp4,76,186,1
UcJKeuDYOzc12.mp4,15,54,0
UcJKeuDYOzc12.mp4,55,93,1
UcJKeuDYOzc12.mp4,94,123,0
j4uIYeAFf1M01.mp4,15,106,0
j4uIYeAFf1M01.mp4,107,195,1
j4uIYeAFf1M01.mp4,196,273,0
nSK7cehJiCE01.mp4,15,52,0
nSK7cehJiCE01.mp4,53,89,1
nSK7cehJiCE01.mp4,90,102,0
UcJKeuDYOzc02.mp4,15,53,0
UcJKeuDYOzc02.mp4,54,83,1
HueSPfF0dSQ10.mp4,15,40,0
HueSPfF0dSQ10.mp4,41,77,1
7YEUfIVVk9Y07.mp4,15,108,1
BpMHNEa79lo03.mp4,15,242,0
BpMHNEa79lo03.mp4,243,365,1
UcJKeuDYOzc10.mp4,15,143,0
UcJKeuDYOzc10.mp4,144,245,1
nkFprOkNnRE39.mp4,15,146,1
nkFprOkNnRE39.mp4,147,216,0
Z4dWfjsrYhQ10.mp4,15,81,0
Z4dWfjsrYhQ10.mp4,82,118,1
Z4dWfjsrYhQ10.mp4,119,167,0
QVbVSDQGe_M03.mp4,15,17,0
QVbVSDQGe_M03.mp4,18,67,1
BSNh9UoKY5406.mp4,15,91,0
BSNh9UoKY5406.mp4,92,254,1
UcJKeuDYOzc14.mp4,15,27,0
UcJKeuDYOzc14.mp4,28,47,1
UcJKeuDYOzc14.mp4,48,96,0
CkI203kbHQ822.mp4,15,137,0
CkI203kbHQ822.mp4,138,163,1
XT1OvDIrn9o15.mp4,15,55,0
XT1OvDIrn9o15.mp4,56,87,1
ieFXAiS97A001.mp4,15,223,0
ieFXAiS97A001.mp4,224,273,1
ieFXAiS97A001.mp4,274,318,0
xKT7khciy-c03.mp4,15,73,0
xKT7khciy-c03.mp4,74,114,1
xKT7khciy-c03.mp4,115,130,0
xKT7khciy-c03.mp4,131,240,1
xKT7khciy-c03.mp4,241,433,0
rrh12FY5FjI14.mp4,15,160,0
rrh12FY5FjI14.mp4,161,218,1
rrh12FY5FjI14.mp4,219,230,0
bSZkOI7eF8k04.mp4,15,172,0
bSZkOI7eF8k04.mp4,173,409,1
bSZkOI7eF8k04.mp4,410,439,0
bSZkOI7eF8k28.mp4,15,66,0
bSZkOI7eF8k28.mp4,67,226,1
bSZkOI7eF8k28.mp4,227,245,0
N8DNC_llAt014.mp4,15,66,0
N8DNC_llAt014.mp4,67,178,1
NCmlbDaj-uE19.mp4,15,104,0
NCmlbDaj-uE19.mp4,105,315,1
xnuith2Kr0k10.mp4,15,27,0
xnuith2Kr0k10.mp4,28,105,1
xnuith2Kr0k10.mp4,106,146,0
NCmlbDaj-uE17.mp4,15,68,0
NCmlbDaj-uE17.mp4,69,245,1
hZm7dC8qBO022.mp4,15,42,0
hZm7dC8qBO022.mp4,43,403,1
YzocCFJIbCc11.mp4,15,29,1
hZm7dC8qBO012.mp4,15,17,0
hZm7dC8qBO012.mp4,18,350,1
HueSPfF0dSQ01.mp4,15,35,0
HueSPfF0dSQ01.mp4,36,289,1
nsHYg3ENgk407.mp4,15,198,0
nsHYg3ENgk407.mp4,199,255,1
pA6q7Q2EQrw05.mp4,15,39,0
pA6q7Q2EQrw05.mp4,40,250,1
ALFF5620ljk02.mp4,15,265,0
ALFF5620ljk02.mp4,266,348,1
V0iWmOFca7w09.mp4,15,80,0
V0iWmOFca7w09.mp4,81,139,1
V0iWmOFca7w09.mp4,140,247,0
u22EZEQVvU402.mp4,15,105,0
u22EZEQVvU402.mp4,106,200,1
_FjROQyb1C802.mp4,15,81,0
_FjROQyb1C802.mp4,82,224,1
Z4dWfjsrYhQ04.mp4,15,81,0
Z4dWfjsrYhQ04.mp4,82,118,1
nSK7cehJiCE06.mp4,15,35,0
nSK7cehJiCE06.mp4,36,86,1
xKT7khciy-c24.mp4,15,64,0
xKT7khciy-c24.mp4,65,269,1
kv-u4ZiEGJA15.mp4,15,180,0
kv-u4ZiEGJA15.mp4,181,240,1
_FjROQyb1C801.mp4,15,161,0
_FjROQyb1C801.mp4,162,494,1
b46xvHwxpcY02.mp4,15,141,0
b46xvHwxpcY02.mp4,142,500,1
hZm7dC8qBO014.mp4,15,24,0
hZm7dC8qBO014.mp4,25,109,1
hZm7dC8qBO014.mp4,110,229,0
rQy2l6gxB8c02.mp4,15,75,0
rQy2l6gxB8c02.mp4,76,301,1
XT1OvDIrn9o03.mp4,15,112,0
XT1OvDIrn9o03.mp4,113,162,1
XT1OvDIrn9o03.mp4,163,178,0
ML52jXyFltw02.mp4,15,24,0
ML52jXyFltw02.mp4,25,83,1
upawiSphDM810.mp4,15,98,0
upawiSphDM810.mp4,99,148,1
upawiSphDM810.mp4,149,373,0
3KSHg1inZS815.mp4,15,97,1
3KSHg1inZS815.mp4,98,106,0
651RQwxB3WA06.mp4,15,33,1
6mVcTFd5TzI25.mp4,15,151,0
6mVcTFd5TzI25.mp4,152,192,1
hw1C_QvwSrw22.mp4,15,338,0
hw1C_QvwSrw22.mp4,339,556,1
3ItkjSXfP6k01.mp4,15,196,0
3ItkjSXfP6k01.mp4,197,281,1
wbAHPwlxdJ402.mp4,15,329,1
AJKLxHzIHYY15.mp4,15,79,0
AJKLxHzIHYY15.mp4,80,317,1
651RQwxB3WA02.mp4,18,31,0
EN-JKUXkwPQ04.mp4,15,114,0
EN-JKUXkwPQ04.mp4,115,248,1
tDN-mwNSJc806.mp4,15,40,0
tDN-mwNSJc806.mp4,41,130,1
upawiSphDM808.mp4,15,22,0
upawiSphDM808.mp4,37,59,1
upawiSphDM808.mp4,60,260,0
YQLLNSEeGaE05.mp4,15,17,0
YQLLNSEeGaE05.mp4,18,76,1
ahTF2fb1MQA07.mp4,16,125,1
ahTF2fb1MQA07.mp4,126,151,0
ztPQViol2bc01.mp4,15,177,0
ztPQViol2bc01.mp4,178,196,1
ztPQViol2bc01.mp4,197,260,0
7YEUfIVVk9Y01.mp4,15,54,1
7YEUfIVVk9Y01.mp4,55,164,0
mH0-_I0XVdE03.mp4,15,49,0
mH0-_I0XVdE03.mp4,50,177,1
nSK7cehJiCE02.mp4,15,21,0
nSK7cehJiCE02.mp4,22,58,1
XT1OvDIrn9o06.mp4,15,87,0
XT1OvDIrn9o06.mp4,88,115,1
XT1OvDIrn9o06.mp4,116,260,0
D2AHpCitweI05.mp4,15,42,0
D2AHpCitweI05.mp4,43,68,1
D2AHpCitweI05.mp4,69,82,0
D2AHpCitweI05.mp4,83,136,1
bSZkOI7eF8k14.mp4,15,81,0
bSZkOI7eF8k14.mp4,82,135,1
bSZkOI7eF8k14.mp4,136,157,0
upawiSphDM805.mp4,15,114,0
upawiSphDM805.mp4,115,214,1
upawiSphDM805.mp4,215,282,0
kv-u4ZiEGJA14.mp4,15,67,0
kv-u4ZiEGJA14.mp4,68,254,1
ML52jXyFltw07.mp4,15,136,1
nsHYg3ENgk402.mp4,15,160,0
nsHYg3ENgk402.mp4,161,240,1
bSZkOI7eF8k18.mp4,15,67,0
bSZkOI7eF8k18.mp4,68,100,1
bSZkOI7eF8k18.mp4,101,116,0
ilqwsI6eg8k03.mp4,15,167,0
ilqwsI6eg8k03.mp4,168,234,1
ilqwsI6eg8k03.mp4,235,353,0
UsCOd9y4TcA05.mp4,15,50,0
ieFXAiS97A009.mp4,15,197,0
ieFXAiS97A009.mp4,198,393,1
6mVcTFd5TzI03.mp4,15,47,0
6mVcTFd5TzI03.mp4,48,86,1
1XIS9UOwC_Y05.mp4,15,82,0
1XIS9UOwC_Y05.mp4,83,181,1
UcJKeuDYOzc20.mp4,15,90,0
UcJKeuDYOzc20.mp4,91,106,1
UcJKeuDYOzc20.mp4,107,248,0
Z52L6jGdSkY02.mp4,15,23,0
wScVipt0pWk11.mp4,15,47,0
wScVipt0pWk11.mp4,48,100,1
LwQAazf90q804.mp4,15,206,0
LwQAazf90q804.mp4,207,566,1
XT1OvDIrn9o01.mp4,15,97,0
XT1OvDIrn9o01.mp4,98,245,1
PF5pVn8N9wA11.mp4,15,43,0
PF5pVn8N9wA11.mp4,44,218,1
PF5pVn8N9wA11.mp4,219,241,0
YQLLNSEeGaE34.mp4,15,48,0
YQLLNSEeGaE34.mp4,49,84,1
YQLLNSEeGaE34.mp4,85,248,0
XT1OvDIrn9o16.mp4,15,90,0
XT1OvDIrn9o16.mp4,91,103,1
bSZkOI7eF8k16.mp4,15,73,0
bSZkOI7eF8k16.mp4,74,155,1
bSZkOI7eF8k16.mp4,156,180,0
CkI203kbHQ801.mp4,15,55,0
CkI203kbHQ801.mp4,56,113,1
mH0-_I0XVdE43.mp4,15,42,0
mH0-_I0XVdE43.mp4,43,73,1
ML52jXyFltw09.mp4,15,77,0
ML52jXyFltw09.mp4,78,253,1
IuHk11-Yzn005.mp4,15,79,0
IuHk11-Yzn005.mp4,80,139,1
IuHk11-Yzn005.mp4,140,247,0
wScVipt0pWk10.mp4,15,97,0
wScVipt0pWk10.mp4,98,147,1
wScVipt0pWk10.mp4,148,182,0
bPQ4GUk8ens03.mp4,15,127,0
bPQ4GUk8ens03.mp4,128,355,1
mg6PLF8sHWw01.mp4,15,160,0
mg6PLF8sHWw01.mp4,161,502,1
YQLLNSEeGaE28.mp4,15,22,0
YQLLNSEeGaE28.mp4,23,52,1
YQLLNSEeGaE28.mp4,53,153,0
VlmUH8TT6GQ02.mp4,15,100,0
VlmUH8TT6GQ02.mp4,101,160,1
VlmUH8TT6GQ02.mp4,161,192,0
CkI203kbHQ809.mp4,15,91,0
CkI203kbHQ809.mp4,92,148,1
AuQz_-J2kzc17.mp4,15,96,0
AuQz_-J2kzc17.mp4,97,244,1
niDlcEKeSWk01.mp4,15,83,0
niDlcEKeSWk01.mp4,84,338,1
niDlcEKeSWk01.mp4,339,476,0
b46xvHwxpcY05.mp4,15,208,0
b46xvHwxpcY05.mp4,209,278,1
b46xvHwxpcY05.mp4,279,363,0
vnBXvRYxgB001.mp4,15,246,0
vnBXvRYxgB001.mp4,254,303,0
HueSPfF0dSQ11.mp4,15,258,1
HueSPfF0dSQ11.mp4,259,477,0
mH0-_I0XVdE33.mp4,15,53,1
YQLLNSEeGaE11.mp4,15,81,0
YQLLNSEeGaE11.mp4,88,185,0
ilqwsI6eg8k01.mp4,15,112,0
ilqwsI6eg8k01.mp4,113,237,1
6mVcTFd5TzI05.mp4,15,53,0
6mVcTFd5TzI05.mp4,54,93,1
bH0vBs-Sl2o03.mp4,15,44,0
bH0vBs-Sl2o03.mp4,45,183,1
mOwuW8t6-GQ03.mp4,15,138,0
mOwuW8t6-GQ03.mp4,139,439,1
bSZkOI7eF8k24.mp4,15,160,0
bSZkOI7eF8k24.mp4,161,202,1
bSZkOI7eF8k24.mp4,203,220,0
kv-u4ZiEGJA06.mp4,15,117,1
PF5pVn8N9wA22.mp4,15,46,0
PF5pVn8N9wA22.mp4,47,116,1
PF5pVn8N9wA22.mp4,117,207,0
pA6q7Q2EQrw01.mp4,15,17,0
pA6q7Q2EQrw01.mp4,18,200,1
Z4dWfjsrYhQ11.mp4,15,71,0
Z4dWfjsrYhQ11.mp4,72,97,1
Z4dWfjsrYhQ11.mp4,98,178,0
ML52jXyFltw10.mp4,15,26,0
ML52jXyFltw10.mp4,27,211,1
hw1C_QvwSrw19.mp4,15,56,0
hw1C_QvwSrw19.mp4,57,86,1
6mVcTFd5TzI14.mp4,15,31,0
6mVcTFd5TzI14.mp4,32,127,1
kv-u4ZiEGJA03.mp4,15,117,1
bXaAw1730zE01.mp4,15,43,0
bXaAw1730zE01.mp4,44,94,1
upawiSphDM811.mp4,15,75,0
upawiSphDM811.mp4,76,135,1
upawiSphDM811.mp4,136,279,0
651RQwxB3WA03.mp4,15,25,0
651RQwxB3WA03.mp4,26,53,1
CkI203kbHQ835.mp4,15,45,0
CkI203kbHQ835.mp4,46,105,1
N6zJ2inqJn003.mp4,15,70,0
N6zJ2inqJn003.mp4,71,207,1
b46xvHwxpcY04.mp4,15,170,0
b46xvHwxpcY04.mp4,171,251,1
b46xvHwxpcY04.mp4,252,433,0
T1WbCBVGCHg01.mp4,15,159,0
T1WbCBVGCHg01.mp4,160,303,1
YzocCFJIbCc09.mp4,15,51,1
pA6q7Q2EQrw04.mp4,15,90,0
pA6q7Q2EQrw04.mp4,91,249,1
NCmlbDaj-uE08.mp4,15,157,0
NCmlbDaj-uE08.mp4,158,288,1
QVbVSDQGe_M04.mp4,15,62,0
QVbVSDQGe_M04.mp4,63,116,1
gAUl9fitiNI03.mp4,15,22,0
gAUl9fitiNI03.mp4,23,163,1
UEXRGvWNta802.mp4,15,234,0
UEXRGvWNta802.mp4,235,398,1
6mVcTFd5TzI26.mp4,15,39,0
6mVcTFd5TzI26.mp4,40,103,1
CkI203kbHQ842.mp4,15,132,0
CkI203kbHQ842.mp4,133,172,1
N6zJ2inqJn004.mp4,15,82,0
N6zJ2inqJn004.mp4,83,235,1
aY2Q0gfCr-002.mp4,15,79,0
aY2Q0gfCr-002.mp4,80,365,1
IAhGJNVqs1M10.mp4,15,77,0
IAhGJNVqs1M10.mp4,78,400,1
NlCaZzi9Las04.mp4,15,112,1
T1WbCBVGCHg06.mp4,15,36,0
T1WbCBVGCHg06.mp4,37,96,1
R5dVWjx3NEo01.mp4,15,122,0
R5dVWjx3NEo01.mp4,123,445,1
O12Ii3_jR2Q02.mp4,15,94,0
O12Ii3_jR2Q02.mp4,95,374,1
y4Evv5By6sg04.mp4,15,92,0
y4Evv5By6sg04.mp4,93,152,1
y4Evv5By6sg04.mp4,153,219,0
eL5Nc7CE6nA28.mp4,15,78,1
NCmlbDaj-uE09.mp4,15,81,0
NCmlbDaj-uE09.mp4,82,270,1
PF5pVn8N9wA09.mp4,15,39,0
PF5pVn8N9wA09.mp4,40,197,1
PF5pVn8N9wA09.mp4,198,209,0
AuQz_-J2kzc13.mp4,15,62,0
AuQz_-J2kzc13.mp4,63,89,1
rrh12FY5FjI10.mp4,15,39,0
rrh12FY5FjI10.mp4,40,119,1
mH0-_I0XVdE02.mp4,15,93,0
mH0-_I0XVdE02.mp4,94,236,1
rrh12FY5FjI15.mp4,15,63,0
rrh12FY5FjI15.mp4,64,174,1
mH0-_I0XVdE39.mp4,15,41,1
mH0-_I0XVdE47.mp4,15,121,1
UEXRGvWNta803.mp4,15,186,0
UEXRGvWNta803.mp4,187,420,1
6mVcTFd5TzI15.mp4,15,91,0
6mVcTFd5TzI15.mp4,92,162,1
NCmlbDaj-uE05.mp4,15,86,0
NCmlbDaj-uE05.mp4,87,238,1
NCmlbDaj-uE05.mp4,239,347,0
YkJ8Yn9tWyo01.mp4,15,129,0
YkJ8Yn9tWyo01.mp4,130,172,1
YkJ8Yn9tWyo01.mp4,173,264,0
ieFXAiS97A013.mp4,15,190,0
ieFXAiS97A013.mp4,191,252,1
ieFXAiS97A013.mp4,257,399,1
Z52L6jGdSkY11.mp4,15,79,0
Z52L6jGdSkY11.mp4,80,175,1
Z52L6jGdSkY11.mp4,176,198,0
3Xd6PxEvbNk09.mp4,15,225,0
3Xd6PxEvbNk09.mp4,226,411,1
PF5pVn8N9wA19.mp4,15,65,0
PF5pVn8N9wA19.mp4,66,158,1
PF5pVn8N9wA19.mp4,159,189,0
kv-u4ZiEGJA09.mp4,15,21,0
kv-u4ZiEGJA09.mp4,22,95,1
HD6QGx9d8ow01.mp4,15,65,0
HD6QGx9d8ow01.mp4,66,217,1
BSNh9UoKY5403.mp4,15,78,0
BSNh9UoKY5403.mp4,79,147,1
V0iWmOFca7w01.mp4,15,169,1
V0iWmOFca7w01.mp4,170,304,0
pA6q7Q2EQrw10.mp4,15,19,0
pA6q7Q2EQrw10.mp4,20,248,1
bSZkOI7eF8k05.mp4,15,33,0
bSZkOI7eF8k05.mp4,34,453,1
HueSPfF0dSQ02.mp4,15,100,0
HueSPfF0dSQ02.mp4,101,379,1
xKT7khciy-c01.mp4,15,28,1
xKT7khciy-c01.mp4,29,181,0
k932VZGqE6c02.mp4,15,116,0
k932VZGqE6c02.mp4,117,247,1
GnpwLP2THmM03.mp4,15,32,0
GnpwLP2THmM03.mp4,33,158,1
mOwuW8t6-GQ02.mp4,15,71,0
mOwuW8t6-GQ02.mp4,72,502,1
mH0-_I0XVdE05.mp4,15,23,0
mH0-_I0XVdE05.mp4,24,217,1
N6YD01OMvBk01.mp4,15,141,1
AJKLxHzIHYY12.mp4,15,30,0
AJKLxHzIHYY12.mp4,31,151,1
ieFXAiS97A003.mp4,15,156,0
ieFXAiS97A003.mp4,157,334,1
wScVipt0pWk18.mp4,15,58,0
wScVipt0pWk18.mp4,59,153,1
wScVipt0pWk04.mp4,15,51,0
wScVipt0pWk04.mp4,52,61,1
wScVipt0pWk04.mp4,62,141,0
AJKLxHzIHYY14.mp4,15,20,0
AJKLxHzIHYY14.mp4,21,203,1
bSZkOI7eF8k17.mp4,15,24,0
bSZkOI7eF8k17.mp4,25,102,1
6mVcTFd5TzI09.mp4,15,62,0
6mVcTFd5TzI09.mp4,63,152,1
3VTdPoH5eGE01.mp4,15,37,0
3VTdPoH5eGE01.mp4,38,231,1
CkI203kbHQ833.mp4,15,73,1
QVbVSDQGe_M02.mp4,15,29,0
QVbVSDQGe_M02.mp4,30,260,1
ieFXAiS97A010.mp4,15,156,0
ieFXAiS97A010.mp4,157,329,1
PF5pVn8N9wA02.mp4,15,67,0
PF5pVn8N9wA02.mp4,68,178,1
PF5pVn8N9wA02.mp4,179,188,0
651RQwxB3WA17.mp4,15,42,1
T2PeqBcJn3E02.mp4,15,23,0
T2PeqBcJn3E02.mp4,24,103,1
T2PeqBcJn3E02.mp4,104,138,0
YzocCFJIbCc20.mp4,15,55,0
YzocCFJIbCc20.mp4,56,81,1
YzocCFJIbCc20.mp4,82,97,0
V17rwsM9ELw09.mp4,15,144,0
V17rwsM9ELw09.mp4,152,171,1
V17rwsM9ELw09.mp4,172,227,1
upawiSphDM812.mp4,15,22,0
upawiSphDM812.mp4,23,89,1
upawiSphDM812.mp4,90,324,0
N8DNC_llAt007.mp4,15,31,0
N8DNC_llAt007.mp4,32,142,1
pA6q7Q2EQrw07.mp4,15,21,0
pA6q7Q2EQrw07.mp4,22,83,1
pA6q7Q2EQrw07.mp4,84,213,0
hZm7dC8qBO017.mp4,15,128,0
hZm7dC8qBO017.mp4,129,314,1
wScVipt0pWk07.mp4,15,30,0
wScVipt0pWk07.mp4,31,86,1
wScVipt0pWk07.mp4,87,115,0
HueSPfF0dSQ12.mp4,15,34,0
HueSPfF0dSQ12.mp4,35,251,1
ahTF2fb1MQA13.mp4,15,63,0
ahTF2fb1MQA13.mp4,64,175,1
Xu1KsH1j2iQ12.mp4,15,193,0
Xu1KsH1j2iQ12.mp4,194,283,1
Xu1KsH1j2iQ12.mp4,284,528,0
tDN-mwNSJc804.mp4,15,73,0
tDN-mwNSJc804.mp4,74,134,1
pA6q7Q2EQrw26.mp4,15,31,0
pA6q7Q2EQrw26.mp4,32,207,1
pA6q7Q2EQrw26.mp4,208,484,0
T1WbCBVGCHg08.mp4,15,101,0
T1WbCBVGCHg08.mp4,102,181,1
T1WbCBVGCHg08.mp4,182,506,0
eL5Nc7CE6nA15.mp4,15,83,1
rQy2l6gxB8c01.mp4,15,170,0
rQy2l6gxB8c01.mp4,171,386,1
kwY2iWBYYT025.mp4,15,72,0
kwY2iWBYYT025.mp4,73,233,1
pA6q7Q2EQrw23.mp4,15,42,0
pA6q7Q2EQrw23.mp4,43,376,1
YzocCFJIbCc06.mp4,15,42,0
YzocCFJIbCc06.mp4,43,90,1
hZm7dC8qBO006.mp4,15,39,0
hZm7dC8qBO006.mp4,40,90,1
hZm7dC8qBO006.mp4,91,234,0
N6YD01OMvBk02.mp4,15,137,0
N6YD01OMvBk02.mp4,138,265,1
caoIsxQoqfU02.mp4,15,95,0
caoIsxQoqfU02.mp4,96,341,1
PF5pVn8N9wA05.mp4,15,60,0
PF5pVn8N9wA05.mp4,61,102,1
PF5pVn8N9wA05.mp4,103,112,0
eL5Nc7CE6nA17.mp4,15,29,0
eL5Nc7CE6nA17.mp4,30,72,1
kwY2iWBYYT031.mp4,15,34,0
kwY2iWBYYT031.mp4,35,163,1
Z52L6jGdSkY15.mp4,15,41,0
Z52L6jGdSkY15.mp4,42,61,1
Z52L6jGdSkY15.mp4,62,110,0
bQp_2lMB4Mk02.mp4,15,95,0
bQp_2lMB4Mk02.mp4,96,227,1
7YEUfIVVk9Y05.mp4,15,25,1
7YEUfIVVk9Y05.mp4,26,107,0
xKT7khciy-c25.mp4,15,106,0
xKT7khciy-c25.mp4,107,116,1
xKT7khciy-c25.mp4,117,168,0
1XIS9UOwC_Y10.mp4,15,152,0
1XIS9UOwC_Y10.mp4,153,303,1
T2PeqBcJn3E03.mp4,15,16,0
T2PeqBcJn3E03.mp4,17,65,1
6mVcTFd5TzI24.mp4,15,108,0
6mVcTFd5TzI24.mp4,109,168,1
AJKLxHzIHYY13.mp4,15,20,0
AJKLxHzIHYY13.mp4,21,98,1
T1WbCBVGCHg12.mp4,15,147,0
T1WbCBVGCHg12.mp4,148,380,1
YQLLNSEeGaE02.mp4,15,30,0
YQLLNSEeGaE02.mp4,31,70,1
YQLLNSEeGaE02.mp4,71,80,0
HiyaCRC3CTU05.mp4,15,24,0
HiyaCRC3CTU05.mp4,25,143,1
YzocCFJIbCc23.mp4,15,77,0
YzocCFJIbCc23.mp4,78,87,1
YzocCFJIbCc23.mp4,88,120,0
LwQAazf90q807.mp4,15,292,0
LwQAazf90q807.mp4,293,326,1
LwQAazf90q807.mp4,327,425,0
eL5Nc7CE6nA13.mp4,15,24,1
YQLLNSEeGaE17.mp4,15,27,0
YQLLNSEeGaE17.mp4,28,97,1
AuQz_-J2kzc14.mp4,15,89,0
AuQz_-J2kzc14.mp4,90,186,1
kwY2iWBYYT003.mp4,15,144,0
kwY2iWBYYT003.mp4,145,298,1
nkFprOkNnRE13.mp4,15,133,0
nkFprOkNnRE13.mp4,134,182,1
nkFprOkNnRE13.mp4,183,283,0
lJvJnAxuX5U01.mp4,15,165,0
lJvJnAxuX5U01.mp4,166,181,1
lJvJnAxuX5U01.mp4,182,248,1
Z4dWfjsrYhQ02.mp4,15,129,0
Z4dWfjsrYhQ02.mp4,130,164,1
eL5Nc7CE6nA10.mp4,15,25,0
eL5Nc7CE6nA10.mp4,26,76,1
AJKLxHzIHYY05.mp4,15,275,1
NCmlbDaj-uE20.mp4,15,84,0
NCmlbDaj-uE20.mp4,85,164,1
NCmlbDaj-uE20.mp4,165,337,0
mH0-_I0XVdE26.mp4,15,27,0
mH0-_I0XVdE26.mp4,28,167,1
kv-u4ZiEGJA08.mp4,16,86,1
bwW_wL4TwZg03.mp4,15,284,1
bwW_wL4TwZg03.mp4,285,294,0
upawiSphDM814.mp4,15,63,1
upawiSphDM814.mp4,64,242,0
y4Evv5By6sg02.mp4,15,132,0
y4Evv5By6sg02.mp4,133,296,1
Xe9CoVqpv9c01.mp4,15,194,0
Xe9CoVqpv9c01.mp4,195,237,1
Xe9CoVqpv9c01.mp4,238,278,0
3Xd6PxEvbNk03.mp4,15,164,0
3Xd6PxEvbNk03.mp4,165,362,1
u22EZEQVvU409.mp4,15,168,0
u22EZEQVvU409.mp4,169,188,1
u22EZEQVvU409.mp4,189,295,0
7pftzwaA0iM01.mp4,15,214,0
7pftzwaA0iM01.mp4,215,353,1
6mVcTFd5TzI27.mp4,15,47,0
6mVcTFd5TzI27.mp4,48,107,1
N8DNC_llAt009.mp4,15,22,0
N8DNC_llAt009.mp4,23,131,1
bSZkOI7eF8k27.mp4,15,50,0
bSZkOI7eF8k27.mp4,51,232,1
bSZkOI7eF8k27.mp4,233,251,0
ieFXAiS97A005.mp4,15,106,0
ieFXAiS97A005.mp4,107,314,1
AJKLxHzIHYY22.mp4,15,42,0
AJKLxHzIHYY22.mp4,43,540,1
mH0-_I0XVdE42.mp4,15,26,0
mH0-_I0XVdE42.mp4,27,91,1
HueSPfF0dSQ17.mp4,15,185,0
HueSPfF0dSQ17.mp4,186,496,1
V0iWmOFca7w03.mp4,15,121,0
V0iWmOFca7w03.mp4,122,329,1
eL5Nc7CE6nA16.mp4,15,33,1
V0iWmOFca7w05.mp4,15,443,0
V0iWmOFca7w05.mp4,444,540,1
6mVcTFd5TzI18.mp4,15,99,0
6mVcTFd5TzI18.mp4,100,178,1
UcJKeuDYOzc16.mp4,15,134,0
UcJKeuDYOzc16.mp4,135,243,1
9DRFJxKHc6g05.mp4,15,199,0
9DRFJxKHc6g05.mp4,200,380,1
L4d9ZSVH3fY01.mp4,15,125,0
L4d9ZSVH3fY01.mp4,126,224,1
L4d9ZSVH3fY01.mp4,225,320,0
xKT7khciy-c04.mp4,15,119,0
xKT7khciy-c04.mp4,120,315,1
y4Evv5By6sg03.mp4,15,100,0
y4Evv5By6sg03.mp4,101,110,1
y4Evv5By6sg03.mp4,111,173,1
y4Evv5By6sg03.mp4,174,303,1
y4Evv5By6sg03.mp4,304,357,0
Z52L6jGdSkY10.mp4,15,44,0
Z52L6jGdSkY10.mp4,45,84,1
Z52L6jGdSkY10.mp4,85,94,1
Z52L6jGdSkY10.mp4,95,111,0
YQLLNSEeGaE26.mp4,15,17,0
YQLLNSEeGaE26.mp4,18,112,1
QVbVSDQGe_M05.mp4,15,171,0
QVbVSDQGe_M05.mp4,172,204,1
hw1C_QvwSrw15.mp4,15,61,0
hw1C_QvwSrw15.mp4,62,480,1
YzocCFJIbCc21.mp4,15,16,0
YzocCFJIbCc21.mp4,17,30,1
YzocCFJIbCc21.mp4,31,63,0
VlmUH8TT6GQ01.mp4,15,44,0
VlmUH8TT6GQ01.mp4,45,94,1
VlmUH8TT6GQ01.mp4,95,167,0
ALFF5620ljk03.mp4,15,211,0
ALFF5620ljk03.mp4,212,355,1
rrh12FY5FjI05.mp4,15,64,0
rrh12FY5FjI05.mp4,65,133,1
bSZkOI7eF8k08.mp4,15,63,0
bSZkOI7eF8k08.mp4,64,118,1
bSZkOI7eF8k08.mp4,119,149,1
bSZkOI7eF8k08.mp4,150,303,1
1XIS9UOwC_Y11.mp4,15,100,0
1XIS9UOwC_Y11.mp4,101,249,1
hSt-aJwZqsY04.mp4,15,117,0
hSt-aJwZqsY04.mp4,118,204,1
YQLLNSEeGaE19.mp4,15,121,0
YQLLNSEeGaE19.mp4,122,196,1
N8DNC_llAt013.mp4,15,136,0
N8DNC_llAt013.mp4,137,210,1
ieFXAiS97A011.mp4,15,287,0
ieFXAiS97A011.mp4,288,333,1
h8R-AyCY_k402.mp4,15,95,0
h8R-AyCY_k402.mp4,96,472,1
wScVipt0pWk02.mp4,16,169,1
GnpwLP2THmM05.mp4,15,53,0
GnpwLP2THmM05.mp4,54,184,1
UsCOd9y4TcA04.mp4,15,64,0
UsCOd9y4TcA04.mp4,65,75,1
UsCOd9y4TcA04.mp4,76,94,0
mhQIf0yVU3g02.mp4,15,74,0
mhQIf0yVU3g02.mp4,75,196,1
R1FAbv7IG1Q04.mp4,15,118,1
R1FAbv7IG1Q04.mp4,119,135,0
Xu1KsH1j2iQ10.mp4,15,96,0
Xu1KsH1j2iQ10.mp4,97,196,1
Xu1KsH1j2iQ10.mp4,197,351,0
Xu1KsH1j2iQ10.mp4,352,451,1
Xu1KsH1j2iQ10.mp4,452,518,0
nkFprOkNnRE48.mp4,15,29,0
nkFprOkNnRE48.mp4,30,93,1
1XIS9UOwC_Y02.mp4,15,85,0
1XIS9UOwC_Y02.mp4,86,212,1
1XIS9UOwC_Y07.mp4,15,61,0
1XIS9UOwC_Y07.mp4,62,238,1
T2PeqBcJn3E01.mp4,15,57,0
T2PeqBcJn3E01.mp4,58,195,1
wScVipt0pWk17.mp4,15,57,0
wScVipt0pWk17.mp4,58,127,1
6mVcTFd5TzI04.mp4,15,59,0
6mVcTFd5TzI04.mp4,60,88,1
ieFXAiS97A008.mp4,15,222,0
ieFXAiS97A008.mp4,223,237,1
ieFXAiS97A008.mp4,242,332,1
ieFXAiS97A008.mp4,333,469,0
hw1C_QvwSrw17.mp4,15,180,0
hw1C_QvwSrw17.mp4,181,528,1
AuQz_-J2kzc01.mp4,15,48,0
AuQz_-J2kzc01.mp4,49,157,1
pA6q7Q2EQrw28.mp4,15,97,1
NoE6K0vNiB003.mp4,15,62,0
NoE6K0vNiB003.mp4,63,122,1
ieFXAiS97A006.mp4,15,134,0
ieFXAiS97A006.mp4,135,311,1
V17rwsM9ELw05.mp4,15,61,0
V17rwsM9ELw05.mp4,62,120,1
V17rwsM9ELw11.mp4,15,69,0
V17rwsM9ELw11.mp4,70,138,1
kwY2iWBYYT014.mp4,15,43,0
kwY2iWBYYT014.mp4,44,291,1
UcJKeuDYOzc19.mp4,15,119,0
UcJKeuDYOzc19.mp4,120,149,1
UcJKeuDYOzc19.mp4,150,269,0
upawiSphDM803.mp4,15,30,0
upawiSphDM803.mp4,31,75,1
upawiSphDM803.mp4,76,153,0
YQLLNSEeGaE12.mp4,15,50,0
YQLLNSEeGaE12.mp4,51,80,1
YQLLNSEeGaE12.mp4,81,93,0
IuHk11-Yzn006.mp4,15,186,0
IuHk11-Yzn006.mp4,187,428,1
hw1C_QvwSrw12.mp4,15,33,0
hw1C_QvwSrw12.mp4,34,249,1
TqwcLiIQq3A01.mp4,15,273,0
TqwcLiIQq3A01.mp4,274,333,1
TqwcLiIQq3A01.mp4,334,436,0
NCmlbDaj-uE18.mp4,15,70,0
NCmlbDaj-uE18.mp4,71,130,1
NCmlbDaj-uE18.mp4,131,299,0
JtGyMlFpszk01.mp4,15,63,0
JtGyMlFpszk01.mp4,64,565,1
bSZkOI7eF8k32.mp4,15,195,0
bSZkOI7eF8k32.mp4,196,368,1
bSZkOI7eF8k32.mp4,369,390,0
kwY2iWBYYT015.mp4,15,185,0
kwY2iWBYYT015.mp4,186,313,1
PF5pVn8N9wA23.mp4,15,153,0
PF5pVn8N9wA23.mp4,154,236,1
CkI203kbHQ830.mp4,15,119,0
CkI203kbHQ830.mp4,120,190,1
YzocCFJIbCc05.mp4,15,21,0
9DRFJxKHc6g07.mp4,15,139,0
9DRFJxKHc6g07.mp4,140,368,1
V17rwsM9ELw01.mp4,15,56,0
V17rwsM9ELw01.mp4,57,153,1
V17rwsM9ELw01.mp4,154,173,0
xKT7khciy-c11.mp4,15,27,0
xKT7khciy-c11.mp4,28,136,1
xKT7khciy-c11.mp4,137,147,0
eL5Nc7CE6nA06.mp4,15,54,1
b46xvHwxpcY14.mp4,15,188,0
b46xvHwxpcY14.mp4,189,477,1
rQy2l6gxB8c03.mp4,15,216,0
rQy2l6gxB8c03.mp4,217,379,1
pA6q7Q2EQrw11.mp4,15,20,0
pA6q7Q2EQrw11.mp4,21,137,1
Z52L6jGdSkY17.mp4,15,52,0
Z52L6jGdSkY17.mp4,53,129,1
Z52L6jGdSkY17.mp4,130,190,0
NCmlbDaj-uE21.mp4,15,43,0
NCmlbDaj-uE21.mp4,44,287,1
H7Xce-lDe6g02.mp4,15,62,0
H7Xce-lDe6g02.mp4,63,223,1
bPQ4GUk8ens05.mp4,15,148,0
bPQ4GUk8ens05.mp4,149,174,1
bPQ4GUk8ens05.mp4,175,383,0
rrh12FY5FjI17.mp4,15,70,0
rrh12FY5FjI17.mp4,71,150,1
rrh12FY5FjI17.mp4,151,314,0
hSt-aJwZqsY02.mp4,15,77,0
hSt-aJwZqsY02.mp4,78,211,1
PF5pVn8N9wA25.mp4,15,44,0
PF5pVn8N9wA25.mp4,45,94,1
PF5pVn8N9wA25.mp4,95,162,0
YQLLNSEeGaE08.mp4,15,102,0
YQLLNSEeGaE08.mp4,103,177,1
N8DNC_llAt001.mp4,15,78,0
N8DNC_llAt001.mp4,79,110,1
wYdE4gh__Wg01.mp4,15,150,0
wYdE4gh__Wg01.mp4,151,339,1
bCr5Grrfw4I02.mp4,15,260,0
bCr5Grrfw4I02.mp4,261,591,1
T1WbCBVGCHg04.mp4,15,85,1
T1WbCBVGCHg04.mp4,86,140,0
b46xvHwxpcY01.mp4,15,82,0
b46xvHwxpcY01.mp4,83,254,1
AJKLxHzIHYY10.mp4,15,16,0
AJKLxHzIHYY10.mp4,17,129,1
CkI203kbHQ826.mp4,15,41,0
CkI203kbHQ826.mp4,42,112,1
YQLLNSEeGaE03.mp4,15,61,0
YQLLNSEeGaE03.mp4,62,121,1
YQLLNSEeGaE03.mp4,122,169,0
N8DNC_llAt008.mp4,15,85,0
N8DNC_llAt008.mp4,86,280,1
mOwuW8t6-GQ09.mp4,15,86,0
mOwuW8t6-GQ09.mp4,87,394,1
mH0-_I0XVdE17.mp4,15,69,0
mH0-_I0XVdE17.mp4,70,391,1
wScVipt0pWk13.mp4,15,64,0
wScVipt0pWk13.mp4,65,95,1
wScVipt0pWk13.mp4,96,150,0
3Xd6PxEvbNk06.mp4,15,271,0
3Xd6PxEvbNk06.mp4,272,441,1
ahTF2fb1MQA10.mp4,15,128,0
ahTF2fb1MQA10.mp4,129,220,1
rrh12FY5FjI06.mp4,15,30,0
rrh12FY5FjI06.mp4,31,143,1
PF5pVn8N9wA18.mp4,15,55,0
PF5pVn8N9wA18.mp4,56,135,1
PF5pVn8N9wA18.mp4,136,198,0
N8DNC_llAt010.mp4,15,38,0
N8DNC_llAt010.mp4,39,131,1
xKT7khciy-c20.mp4,15,34,0
xKT7khciy-c20.mp4,35,283,1
xKT7khciy-c20.mp4,284,300,0
NCmlbDaj-uE07.mp4,15,187,0
NCmlbDaj-uE07.mp4,188,304,1
bSZkOI7eF8k13.mp4,15,156,0
bSZkOI7eF8k13.mp4,157,218,1
bSZkOI7eF8k13.mp4,219,228,0
mH0-_I0XVdE30.mp4,15,100,1
3KSHg1inZS809.mp4,15,112,1
mH0-_I0XVdE44.mp4,15,23,0
mH0-_I0XVdE44.mp4,24,101,1
pA6q7Q2EQrw35.mp4,15,86,1
pA6q7Q2EQrw35.mp4,87,170,0
kwY2iWBYYT010.mp4,15,164,1
YQLLNSEeGaE04.mp4,15,86,0
YQLLNSEeGaE04.mp4,87,146,1
YQLLNSEeGaE04.mp4,147,189,0
Z52L6jGdSkY16.mp4,15,54,0
Z52L6jGdSkY16.mp4,55,126,1
Z52L6jGdSkY16.mp4,127,142,1
Z52L6jGdSkY16.mp4,143,161,1
mH0-_I0XVdE22.mp4,15,44,0
mH0-_I0XVdE22.mp4,45,149,1
nkFprOkNnRE35.mp4,15,34,0
nkFprOkNnRE35.mp4,35,64,1
nkFprOkNnRE35.mp4,65,126,0
V0iWmOFca7w04.mp4,15,18,0
V0iWmOFca7w04.mp4,19,232,1
mH0-_I0XVdE35.mp4,15,17,0
mH0-_I0XVdE35.mp4,18,72,1
3Xd6PxEvbNk05.mp4,15,82,0
3Xd6PxEvbNk05.mp4,83,287,1
gAUl9fitiNI02.mp4,15,34,0
gAUl9fitiNI02.mp4,35,66,1
gAUl9fitiNI02.mp4,67,89,0
IAhGJNVqs1M14.mp4,15,107,0
IAhGJNVqs1M14.mp4,108,422,1
XT1OvDIrn9o18.mp4,15,29,0
XT1OvDIrn9o18.mp4,30,89,1
XT1OvDIrn9o18.mp4,90,117,0
nSK7cehJiCE14.mp4,15,30,0
nSK7cehJiCE14.mp4,31,189,1
nsHYg3ENgk406.mp4,15,166,0
nsHYg3ENgk406.mp4,167,347,1
hw1C_QvwSrw18.mp4,15,69,0
hw1C_QvwSrw18.mp4,70,314,1
HueSPfF0dSQ04.mp4,15,124,0
HueSPfF0dSQ04.mp4,125,460,1
eL5Nc7CE6nA18.mp4,15,31,0
eL5Nc7CE6nA18.mp4,32,42,1
rrh12FY5FjI09.mp4,15,25,0
rrh12FY5FjI09.mp4,26,131,1
EN-JKUXkwPQ02.mp4,15,84,0
EN-JKUXkwPQ02.mp4,85,365,1
B3ehIhlZVD802.mp4,15,53,0
B3ehIhlZVD802.mp4,54,207,1
V0iWmOFca7w02.mp4,15,173,0
V0iWmOFca7w02.mp4,174,263,1
V0iWmOFca7w02.mp4,264,554,0
NlCaZzi9Las05.mp4,15,60,0
NlCaZzi9Las05.mp4,61,142,1
AuQz_-J2kzc28.mp4,15,60,0
AuQz_-J2kzc28.mp4,61,113,1
UEXRGvWNta801.mp4,15,139,0
UEXRGvWNta801.mp4,140,384,1
3Xd6PxEvbNk11.mp4,15,119,0
3Xd6PxEvbNk11.mp4,120,568,1
rrh12FY5FjI11.mp4,15,46,0
rrh12FY5FjI11.mp4,47,153,1
NlCaZzi9Las01.mp4,15,102,0
NlCaZzi9Las01.mp4,103,165,1
u22EZEQVvU408.mp4,15,93,1
u22EZEQVvU408.mp4,94,129,0
3Xd6PxEvbNk01.mp4,15,301,0
3Xd6PxEvbNk01.mp4,302,465,1
CkI203kbHQ807.mp4,15,152,0
CkI203kbHQ807.mp4,153,220,1
mH0-_I0XVdE14.mp4,15,30,0
mH0-_I0XVdE14.mp4,31,85,1
mH0-_I0XVdE14.mp4,86,103,1
mH0-_I0XVdE14.mp4,104,174,1
eL5Nc7CE6nA29.mp4,15,20,0
eL5Nc7CE6nA29.mp4,21,75,1
EN-JKUXkwPQ01.mp4,15,114,0
EN-JKUXkwPQ01.mp4,115,339,1
O12Ii3_jR2Q01.mp4,15,75,0
O12Ii3_jR2Q01.mp4,76,272,1
IAhGJNVqs1M01.mp4,15,235,0
IAhGJNVqs1M01.mp4,236,252,1
IAhGJNVqs1M01.mp4,253,298,0
bSZkOI7eF8k12.mp4,15,47,0
bSZkOI7eF8k12.mp4,48,180,1
bSZkOI7eF8k37.mp4,16,158,1
bSZkOI7eF8k37.mp4,159,183,0
mH0-_I0XVdE08.mp4,15,113,0
mH0-_I0XVdE08.mp4,114,271,1
u22EZEQVvU410.mp4,15,33,0
u22EZEQVvU410.mp4,34,124,1
6mVcTFd5TzI07.mp4,15,67,0
6mVcTFd5TzI07.mp4,68,131,1
YzocCFJIbCc12.mp4,15,25,0
YzocCFJIbCc12.mp4,26,75,1
CkI203kbHQ808.mp4,15,33,0
CkI203kbHQ808.mp4,34,84,1
T1WbCBVGCHg07.mp4,15,94,0
T1WbCBVGCHg07.mp4,95,294,1
B3ehIhlZVD803.mp4,15,189,0
B3ehIhlZVD803.mp4,190,334,1
H7Xce-lDe6g03.mp4,15,26,0
H7Xce-lDe6g03.mp4,27,189,1
UcJKeuDYOzc04.mp4,15,193,0
UcJKeuDYOzc04.mp4,194,243,1
UcJKeuDYOzc04.mp4,244,351,0
b46xvHwxpcY10.mp4,15,122,0
b46xvHwxpcY10.mp4,123,246,1
9DRFJxKHc6g04.mp4,15,69,0
9DRFJxKHc6g04.mp4,70,165,1
Z4dWfjsrYhQ09.mp4,15,69,0
Z4dWfjsrYhQ09.mp4,70,133,1
axVjcB30c4801.mp4,15,133,0
axVjcB30c4801.mp4,134,359,1
b46xvHwxpcY09.mp4,15,203,0
b46xvHwxpcY09.mp4,204,361,1
BpMHNEa79lo04.mp4,15,175,0
BpMHNEa79lo04.mp4,176,352,1
PF5pVn8N9wA17.mp4,16,194,1
PF5pVn8N9wA17.mp4,195,203,0
u22EZEQVvU405.mp4,15,127,0
u22EZEQVvU405.mp4,128,277,1
tDN-mwNSJc803.mp4,15,93,0
tDN-mwNSJc803.mp4,94,152,1
ieFXAiS97A014.mp4,15,198,0
ieFXAiS97A014.mp4,199,222,1
ieFXAiS97A014.mp4,223,423,0
bSZkOI7eF8k21.mp4,15,103,0
bSZkOI7eF8k21.mp4,104,424,1
bSZkOI7eF8k21.mp4,425,449,0
xKT7khciy-c02.mp4,15,43,0
xKT7khciy-c02.mp4,44,339,1
mH0-_I0XVdE21.mp4,15,91,0
mH0-_I0XVdE21.mp4,92,424,1
kwY2iWBYYT016.mp4,15,26,0
kwY2iWBYYT016.mp4,27,131,1
i6LwdZ9ZsAE01.mp4,15,84,0
i6LwdZ9ZsAE01.mp4,85,258,1
3KSHg1inZS804.mp4,15,102,1
NCmlbDaj-uE06.mp4,15,104,0
NCmlbDaj-uE06.mp4,105,372,1
BHcNwu_1Hrs03.mp4,15,91,0
BHcNwu_1Hrs03.mp4,92,195,1
BHcNwu_1Hrs03.mp4,196,549,0
hZm7dC8qBO021.mp4,15,84,0
hZm7dC8qBO021.mp4,85,147,1
hZm7dC8qBO021.mp4,148,353,0
651RQwxB3WA20.mp4,15,42,1
IuHk11-Yzn003.mp4,15,124,0
IuHk11-Yzn003.mp4,125,355,1
PF5pVn8N9wA16.mp4,15,109,0
PF5pVn8N9wA16.mp4,110,220,1
PF5pVn8N9wA16.mp4,221,243,0
XT1OvDIrn9o07.mp4,15,82,0
XT1OvDIrn9o07.mp4,83,256,1
XT1OvDIrn9o07.mp4,257,337,0
u22EZEQVvU403.mp4,15,146,0
u22EZEQVvU403.mp4,147,176,1
u22EZEQVvU403.mp4,177,197,0
u22EZEQVvU403.mp4,198,289,1
bH0vBs-Sl2o01.mp4,15,123,1
hw1C_QvwSrw07.mp4,15,53,0
hw1C_QvwSrw07.mp4,54,302,1
YzocCFJIbCc04.mp4,15,18,0
YzocCFJIbCc04.mp4,19,48,1
3Xd6PxEvbNk07.mp4,15,164,0
3Xd6PxEvbNk07.mp4,165,409,1
Xu1KsH1j2iQ08.mp4,15,124,0
Xu1KsH1j2iQ08.mp4,125,224,1
Xu1KsH1j2iQ08.mp4,225,510,0
6mVcTFd5TzI23.mp4,15,138,0
6mVcTFd5TzI23.mp4,139,190,1
CkI203kbHQ805.mp4,15,19,0
CkI203kbHQ805.mp4,20,148,1
TvPX5q1VvE001.mp4,15,181,0
TvPX5q1VvE001.mp4,182,326,1
YQLLNSEeGaE20.mp4,15,43,0
YQLLNSEeGaE20.mp4,44,83,1
YQLLNSEeGaE20.mp4,84,113,0
N8DNC_llAt006.mp4,15,26,0
N8DNC_llAt006.mp4,27,94,1
xKT7khciy-c05.mp4,15,59,0
xKT7khciy-c05.mp4,60,165,1
xKT7khciy-c05.mp4,166,216,0
dcy-Srwe01Q02.mp4,15,195,0
dcy-Srwe01Q02.mp4,196,410,1
Xe9CoVqpv9c03.mp4,15,176,0
Xe9CoVqpv9c03.mp4,177,216,1
Xe9CoVqpv9c03.mp4,217,285,0
nSK7cehJiCE08.mp4,15,35,0
nSK7cehJiCE08.mp4,36,164,1
XT1OvDIrn9o09.mp4,15,123,0
XT1OvDIrn9o09.mp4,124,147,1
XT1OvDIrn9o09.mp4,148,213,0
bPQ4GUk8ens04.mp4,15,207,0
bPQ4GUk8ens04.mp4,208,406,1
Xe9CoVqpv9c04.mp4,15,91,0
Xe9CoVqpv9c04.mp4,92,111,1
Xe9CoVqpv9c04.mp4,118,188,1
xKT7khciy-c15.mp4,15,73,0
xKT7khciy-c15.mp4,74,105,1
xKT7khciy-c15.mp4,107,226,1
xKT7khciy-c15.mp4,227,273,0
kwY2iWBYYT023.mp4,15,74,0
kwY2iWBYYT023.mp4,75,172,1
NgN5FWA3yGs01.mp4,15,155,0
NgN5FWA3yGs01.mp4,156,189,1
NgN5FWA3yGs01.mp4,190,315,0
xKT7khciy-c27.mp4,15,39,0
xKT7khciy-c27.mp4,40,149,1
xKT7khciy-c27.mp4,150,171,0
b46xvHwxpcY18.mp4,15,255,0
b46xvHwxpcY18.mp4,256,425,1
3KSHg1inZS803.mp4,15,63,1
3KSHg1inZS803.mp4,64,104,1
3KSHg1inZS803.mp4,105,171,1
hZm7dC8qBO015.mp4,15,40,0
hZm7dC8qBO015.mp4,41,225,1
h8R-AyCY_k403.mp4,15,346,0
h8R-AyCY_k403.mp4,347,552,1
AJKLxHzIHYY17.mp4,15,80,0
AJKLxHzIHYY17.mp4,81,110,1
AJKLxHzIHYY17.mp4,111,235,0
V17rwsM9ELw07.mp4,15,218,0
V17rwsM9ELw07.mp4,219,269,1
EN-JKUXkwPQ06.mp4,15,117,0
EN-JKUXkwPQ06.mp4,118,264,1
xKT7khciy-c16.mp4,15,132,0
xKT7khciy-c16.mp4,133,217,1
NCmlbDaj-uE01.mp4,15,184,0
NCmlbDaj-uE01.mp4,185,335,1
nkFprOkNnRE33.mp4,15,36,1
GnpwLP2THmM04.mp4,15,57,0
GnpwLP2THmM04.mp4,58,197,1
nkFprOkNnRE37.mp4,15,44,0
nkFprOkNnRE37.mp4,45,116,1
eL5Nc7CE6nA27.mp4,15,24,0
eL5Nc7CE6nA27.mp4,25,89,1
k932VZGqE6c03.mp4,15,157,0
k932VZGqE6c03.mp4,158,260,1
k932VZGqE6c03.mp4,261,479,0
k932VZGqE6c03.mp4,480,523,1
k932VZGqE6c03.mp4,524,538,0
651RQwxB3WA01.mp4,16,38,1
UcJKeuDYOzc11.mp4,15,33,0
UcJKeuDYOzc11.mp4,34,153,1
UcJKeuDYOzc11.mp4,154,308,0
BpMHNEa79lo05.mp4,15,148,0
BpMHNEa79lo05.mp4,149,267,1
Z4dWfjsrYhQ01.mp4,15,95,0
Z4dWfjsrYhQ01.mp4,96,179,1
Z4dWfjsrYhQ01.mp4,180,206,0
eDzmET7gLQg01.mp4,15,41,1
eDzmET7gLQg01.mp4,42,85,0
nsHYg3ENgk404.mp4,15,179,0
nsHYg3ENgk404.mp4,180,238,1
mH0-_I0XVdE01.mp4,15,24,0
mH0-_I0XVdE01.mp4,25,281,1
bSZkOI7eF8k26.mp4,15,74,0
bSZkOI7eF8k26.mp4,75,108,1
651RQwxB3WA14.mp4,15,42,1
xKT7khciy-c14.mp4,15,71,0
xKT7khciy-c14.mp4,72,251,1
xKT7khciy-c14.mp4,252,270,0
hZm7dC8qBO009.mp4,15,66,0
hZm7dC8qBO009.mp4,67,314,1
AJKLxHzIHYY07.mp4,15,63,0
AJKLxHzIHYY07.mp4,64,196,1
CkI203kbHQ823.mp4,15,34,0
CkI203kbHQ823.mp4,35,48,1
6mVcTFd5TzI10.mp4,15,132,0
6mVcTFd5TzI10.mp4,133,233,1
wScVipt0pWk01.mp4,15,39,1
wScVipt0pWk01.mp4,40,87,0
mOwuW8t6-GQ01.mp4,15,122,0
mOwuW8t6-GQ01.mp4,123,331,1
mOwuW8t6-GQ01.mp4,332,369,0
hZm7dC8qBO018.mp4,15,18,0
hZm7dC8qBO018.mp4,19,343,1
N6zJ2inqJn002.mp4,15,52,0
N6zJ2inqJn002.mp4,53,297,1
L4d9ZSVH3fY04.mp4,15,133,0
L4d9ZSVH3fY04.mp4,134,152,1
L4d9ZSVH3fY04.mp4,153,180,0
6mVcTFd5TzI17.mp4,15,66,0
6mVcTFd5TzI17.mp4,67,95,1
6mVcTFd5TzI17.mp4,96,233,0
ZCQcKnFSJvg01.mp4,15,56,0
ZCQcKnFSJvg01.mp4,57,77,1
ZCQcKnFSJvg01.mp4,78,99,1
ZCQcKnFSJvg01.mp4,100,182,0
xKT7khciy-c10.mp4,15,210,0
xKT7khciy-c10.mp4,211,269,1
